materials-id,composition,target
0,Ba1 Sr1 Sn2 O6,TRUE
1,Ba1 Sr1 Zr2 O6,TRUE
2,Ca2 Zr1 Mn1 O6,TRUE
3,Sr2 Hf1 Ni1 O6,TRUE
4,Rb1 Ba1 Zr1 Ta1 O6,TRUE
5,Rb1 Ba1 Hf1 Nb1 O6,TRUE
6,K1 Ba1 Hf1 Nb1 O6,TRUE
7,Ba1 Pr1 Hf1 Co1 O6,TRUE
8,Sr1 Pr1 Hf1 Co1 O6,TRUE
9,Ba1 Na1 Hf1 Nb1 O6,TRUE
10,Ba1 Sr1 Y1 Nb1 O6,TRUE
11,Na1 Sr1 Hf1 Sb1 O6,TRUE
12,Ba2 La1 Nb1 O6,TRUE
13,Pm1 Mn1 O3,TRUE
14,Fe1 Bi1 O3,FALSE
15,Tl1 Co1 O3,TRUE
16,Dy1 Ir1 O3,FALSE
17,Nd1 Tl1 O3,FALSE
18,Ce1 Co1 O3,TRUE
19,As1 Au1 O3,FALSE
20,La1 Eu1 O3,FALSE
21,Tm1 Ru1 O3,FALSE
22,Pr1 Ag1 O3,FALSE
23,Nb1 Au1 O3,FALSE
24,Er1 Mo1 O3,TRUE
25,Lu1 Sb1 O3,FALSE
26,Dy1 Os1 O3,FALSE
27,Cd1 Ru1 O3,FALSE
28,Ce1 Ru1 O3,FALSE
29,Ce1 Cd1 O3,FALSE
30,Cr1 Ru1 O3,FALSE
31,Dy1 Pd1 O3,FALSE
32,Tb1 Nb1 O3,FALSE
33,Nd1 Eu1 O3,FALSE
34,Mn1 Ru1 O3,TRUE
35,Pr1 Mo1 O3,TRUE
36,Y1 Nb1 O3,FALSE
37,Tb1 Tm1 O3,FALSE
38,Ce1 Tm1 O3,FALSE
39,Dy1 Lu1 O3,FALSE
40,Tl1 Ru1 O3,FALSE
41,Tl1 Ga1 O3,FALSE
42,Nd1 Pb1 O3,FALSE
43,Ce1 Sc1 O3,FALSE
44,Y1 As1 O3,FALSE
45,Tm1 Co1 O3,TRUE
46,Tb1 As1 O3,FALSE
47,Eu1 Ta1 O3,FALSE
48,Sm1 Te1 O3,FALSE
49,Fe1 Re1 O3,FALSE
50,Ta1 Hg1 O3,FALSE
51,Cd1 Pt1 O3,FALSE
52,Fe1 Ir1 O3,FALSE
53,Sm1 Ta1 O3,FALSE
54,Sm1 Au1 O3,FALSE
55,Tm1 Pt1 O3,FALSE
56,Eu1 Te1 O3,FALSE
57,Sm1 Ho1 O3,FALSE
58,Cr1 Au1 O3,TRUE
59,La1 Sb1 O3,FALSE
60,Nd1 Sm1 O3,FALSE
61,Fe1 Os1 O3,FALSE
62,Nd1 Er1 O3,FALSE
63,Tb1 Y1 O3,FALSE
64,Ho1 Pd1 O3,FALSE
65,Zr1 Ag1 O3,FALSE
66,Sm1 Tm1 O3,FALSE
67,Fe1 Pd1 O3,FALSE
68,Tb1 Nd1 O3,FALSE
69,Tb1 Pm1 O3,FALSE
70,Sr1 Os1 O3,FALSE
71,Ca1 Fe1 O3,TRUE
72,Pm1 Y1 O3,FALSE
73,Nd1 Hf1 O3,FALSE
74,Tl1 Pt1 O3,FALSE
75,Pr1 Gd1 O3,FALSE
76,La1 Sm1 O3,FALSE
77,Cr1 Pt1 O3,FALSE
78,Pm1 Pr1 O3,FALSE
79,Ce1 Pt1 O3,FALSE
80,Mn1 Pt1 O3,TRUE
81,Ho1 Ir1 O3,FALSE
82,Tc1 Au1 O3,FALSE
83,Dy1 Re1 O3,FALSE
84,Ce1 Tl1 O3,FALSE
85,La1 Pr1 O3,FALSE
86,Er1 Au1 O3,FALSE
87,Er1 Ta1 O3,FALSE
88,Eu1 Sn1 O3,FALSE
89,Pm1 Ir1 O3,FALSE
90,Pr1 Ho1 O3,FALSE
91,Tm1 Pb1 O3,FALSE
92,Nd1 Er1 O3,FALSE
93,Ce1 Nd1 O3,FALSE
94,Eu1 Ag1 O3,FALSE
95,Tb1 Sb1 O3,FALSE
96,Ce1 Ni1 O3,TRUE
97,Ho1 Er1 O3,FALSE
98,Tm1 Lu1 O3,FALSE
99,Nd1 Ru1 O3,FALSE
100,Gd1 Pd1 O3,FALSE
101,Tb1 Dy1 O3,FALSE
102,Ti1 Ag1 O3,FALSE
103,Y1 Dy1 O3,FALSE
104,Pm1 Pd1 O3,FALSE
105,Ce1 Pb1 O3,FALSE
106,Nd1 Y1 O3,FALSE
107,Pr1 Nd1 O3,FALSE
108,Lu1 Nb1 O3,FALSE
109,Tb1 Lu1 O3,FALSE
110,La1 Pm1 O3,FALSE
111,Sb1 Au1 O3,FALSE
112,Tm1 Tl1 O3,FALSE
113,Lu1 As1 O3,FALSE
114,Pr1 Ta1 O3,FALSE
115,Pr1 Au1 O3,FALSE
116,La1 Er1 O3,FALSE
117,Ti1 Pt1 O3,FALSE
118,Ag1 Rh1 O3,FALSE
119,Co1 Rh1 O3,FALSE
120,Co1 Tc1 O3,FALSE
121,In1 Ir1 O3,FALSE
122,Tc1 Ag1 O3,FALSE
123,Lu1 Rh1 O3,FALSE
124,Bi1 Rh1 O3,FALSE
125,Nd1 W1 O3,TRUE
126,Eu1 Er1 O3,FALSE
127,Ag1 W1 O3,TRUE
128,Hg1 Mo1 O3,TRUE
129,Er1 Tl1 O3,FALSE
130,Tb1 Tm1 O3,FALSE
131,Nd1 Sm1 O3,FALSE
132,Sm1 Mo1 O3,TRUE
133,Tm1 Hf1 O3,FALSE
134,Ca1 Ce1 O3,FALSE
135,Ti1 Ru1 O3,FALSE
136,Er1 Tm1 O3,FALSE
137,Cr1 Bi1 O3,TRUE
138,La1 Nb1 O3,FALSE
139,Sm1 Ag1 O3,FALSE
140,Sn1 Hg1 O3,FALSE
141,Zn1 Rh1 O3,FALSE
142,Zn1 Tc1 O3,FALSE
143,Mg1 Tc1 O3,FALSE
144,Pr1 Dy1 O3,FALSE
145,Sc1 Ir1 O3,FALSE
146,K1 W1 O3,TRUE
147,Tb1 Gd1 O3,FALSE
148,Sm1 Sn1 O3,FALSE
149,Nd1 Pt1 O3,FALSE
150,Pm1 Gd1 O3,FALSE
151,Lu1 V1 O3,TRUE
152,Ti1 Au1 O3,FALSE
153,Pr1 Pt1 O3,FALSE
154,Sm1 Tl1 O3,FALSE
155,Li1 Mo1 O3,TRUE
156,Sm1 Er1 O3,FALSE
157,Fe1 Hg1 O3,TRUE
158,Pm1 Dy1 O3,FALSE
159,Eu1 W1 O3,TRUE
160,Sm1 W1 O3,TRUE
161,Pr1 Sm1 O3,FALSE
162,Sm1 Pb1 O3,FALSE
163,Ho1 Tm1 O3,FALSE
164,Ho1 Nb1 O3,FALSE
165,Ho1 As1 O3,FALSE
166,Hg1 I1 O3,FALSE
167,Nd1 Te1 O3,FALSE
168,Pd1 Pt1 O3,FALSE
169,Pm1 Y1 O3,FALSE
170,Ca1 Ta1 O3,FALSE
171,Lu1 In1 O3,FALSE
172,Dy1 Tc1 O3,FALSE
173,Re1 Au1 O3,FALSE
174,Nd1 Ta1 O3,FALSE
175,Nd1 Au1 O3,FALSE
176,Tm1 Sn1 O3,FALSE
177,Dy1 As1 O3,FALSE
178,Er1 Co1 O3,TRUE
179,Sr1 Tc1 O3,TRUE
180,La1 Pr1 O3,FALSE
181,Sm1 Er1 O3,FALSE
182,Tm1 Ag1 O3,FALSE
183,Os1 Au1 O3,FALSE
184,Ce1 Mo1 O3,TRUE
185,Eu1 Pb1 O3,FALSE
186,Tb1 Pd1 O3,FALSE
187,Dy1 Nb1 O3,FALSE
188,Gd1 Dy1 O3,FALSE
189,Tl1 Mo1 O3,TRUE
190,Pm1 Dy1 O3,FALSE
191,Y1 Pd1 O3,FALSE
192,Nd1 Ho1 O3,FALSE
193,Ce1 Er1 O3,FALSE
194,Dy1 Tm1 O3,FALSE
195,Pm1 Sb1 O3,FALSE
196,Sm1 Hf1 O3,FALSE
197,Sr1 Cr1 O3,TRUE
198,Er1 Ru1 O3,FALSE
199,Ce1 Ag1 O3,FALSE
200,Tm1 Mo1 O3,TRUE
201,Cd1 Mo1 O3,TRUE
202,Hf1 Hg1 O3,FALSE
203,Pd1 Ru1 O3,FALSE
204,Pm1 Ho1 O3,FALSE
205,Tl1 Ag1 O3,FALSE
206,Ce1 Pr1 O3,FALSE
207,Gd1 Sb1 O3,FALSE
208,Tb1 Sm1 O3,FALSE
209,La1 Nd1 O3,FALSE
210,Eu1 Y1 O3,FALSE
211,Pr1 Ag1 O3,FALSE
212,Tb1 Ir1 O3,FALSE
213,Ta1 Cu1 O3,FALSE
214,Y1 Ir1 O3,FALSE
215,Fe1 Tc1 O3,FALSE
216,Eu1 Tl1 O3,FALSE
217,Tm1 Te1 O3,FALSE
218,Eu1 Pt1 O3,FALSE
219,Tb1 Pr1 O3,FALSE
220,Ag1 Ir1 O3,FALSE
221,Co1 Ir1 O3,FALSE
222,Gd1 Dy1 O3,FALSE
223,Ti1 In1 O3,FALSE
224,Tb1 Pr1 O3,FALSE
225,Ce1 Sm1 O3,FALSE
226,Ag1 Os1 O3,FALSE
227,Ho1 Sb1 O3,FALSE
228,Co1 Os1 O3,FALSE
229,Ce1 Hg1 O3,FALSE
230,Mn1 W1 O3,TRUE
231,La1 Pd1 O3,FALSE
232,Zn1 W1 O3,TRUE
233,Tb1 Er1 O3,FALSE
234,Zr1 Fe1 O3,FALSE
235,Co1 Pd1 O3,FALSE
236,Hg1 Ru1 O3,FALSE
237,Pm1 Ti1 O3,FALSE
238,Sc1 Nb1 O3,FALSE
239,Ho1 Lu1 O3,FALSE
240,Tm1 W1 O3,TRUE
241,Ag1 Pd1 O3,FALSE
242,Dy1 Ho1 O3,FALSE
243,Sm1 Ru1 O3,FALSE
244,Sm1 Eu1 O3,FALSE
245,Pt1 Pb1 O3,FALSE
246,Zn1 Re1 O3,FALSE
247,Pm1 Rh1 O3,FALSE
248,Sc1 As1 O3,FALSE
249,Eu1 Tm1 O3,FALSE
250,La1 Ir1 O3,FALSE
251,Er1 Tl1 O3,FALSE
252,Pm1 As1 O3,FALSE
253,Ce1 Au1 O3,FALSE
254,Ce1 Ta1 O3,FALSE
255,Ba1 Ta1 O3,TRUE
256,La1 Tm1 O3,FALSE
257,Tl1 Au1 O3,FALSE
258,Gd1 As1 O3,FALSE
259,Mn1 Au1 O3,TRUE
260,Zn1 Ir1 O3,FALSE
261,Nd1 Mo1 O3,TRUE
262,Pm1 Tm1 O3,FALSE
263,Gd1 Nb1 O3,FALSE
264,Pr1 Pb1 O3,FALSE
265,Fe1 Pd1 O3,TRUE
266,Pm1 Nb1 O3,FALSE
267,Sc1 Ti1 O3,FALSE
268,Cr1 Sb1 O3,TRUE
269,Dy1 Lu1 O3,FALSE
270,Lu1 Pd1 O3,FALSE
271,Eu1 Ru1 O3,FALSE
272,Zn1 Os1 O3,FALSE
273,Dy1 Zr1 O3,FALSE
274,Nd1 Ag1 O3,FALSE
275,W1 Au1 O3,TRUE
276,Nd1 Tm1 O3,FALSE
277,Ho1 Tm1 O3,FALSE
278,Ti1 W1 O3,FALSE
279,Ru1 Pb1 O3,FALSE
280,Pr1 Tl1 O3,FALSE
281,Nd1 Sn1 O3,FALSE
282,In1 As1 O3,FALSE
283,Gd1 Ho1 O3,FALSE
284,Tm1 Ta1 O3,FALSE
285,Tm1 Au1 O3,FALSE
286,Sm1 Pt1 O3,FALSE
287,Cs1 Ta1 O3,FALSE
288,Ta1 Cd1 O3,FALSE
289,Re1 Ag1 O3,FALSE
290,Lu1 Ir1 O3,FALSE
291,Y1 Ho1 O3,FALSE
292,Hg1 Pt1 O3,FALSE
293,Co1 Re1 O3,FALSE
294,Pr1 Tm1 O3,FALSE
295,Sm1 As1 O3,FALSE
296,Ti1 Ir1 O3,FALSE
297,Pr1 Cd1 O3,FALSE
298,Gd1 Er1 O3,FALSE
299,Tl1 In1 O3,FALSE
300,Sm1 Tm1 O3,FALSE
301,Sc1 Ga1 O3,FALSE
302,Sc1 Ru1 O3,FALSE
303,Nb1 Hg1 O3,FALSE
304,Co1 Mo1 O3,TRUE
305,Ag1 Mo1 O3,TRUE
306,Sm1 Nb1 O3,FALSE
307,Ti1 Os1 O3,FALSE
308,Ca1 Pd1 O3,FALSE
309,Dy1 Er1 O3,FALSE
310,Pm1 Sm1 O3,FALSE
311,Cr1 Pb1 O3,TRUE
312,Tb1 Dy1 O3,FALSE
313,Sr1 Fe1 O3,TRUE
314,Ca1 Os1 O3,FALSE
315,Pm1 Eu1 O3,FALSE
316,K1 Mo1 O3,TRUE
317,Ti1 Pd1 O3,FALSE
318,Ga1 Sb1 O3,FALSE
319,Dy1 Hf1 O3,FALSE
320,Tm1 In1 O3,FALSE
321,Eu1 Y1 O3,FALSE
322,Ce1 Pr1 O3,FALSE
323,Ag1 Sn1 O3,FALSE
324,Rh1 Pb1 O3,FALSE
325,Pr1 Gd1 O3,FALSE
326,Ho1 Tl1 O3,FALSE
327,Nd1 Re1 O3,FALSE
328,Tb1 Eu1 O3,FALSE
329,Ca1 Re1 O3,FALSE
330,Nd1 Ir1 O3,FALSE
331,Dy1 Tl1 O3,FALSE
332,Ta1 Au1 O3,FALSE
333,Tb1 La1 O3,FALSE
334,Pm1 Co1 O3,TRUE
335,Ce1 Pm1 O3,FALSE
336,Al1 Mo1 O3,TRUE
337,Nd1 Os1 O3,FALSE
338,Dy1 Er1 O3,FALSE
339,Tb1 Ho1 O3,FALSE
340,In1 Ru1 O3,FALSE
341,Nb1 Pb1 O3,FALSE
342,Pm1 Sm1 O3,FALSE
343,Lu1 Ag1 O3,FALSE
344,Pr1 Sb1 O3,FALSE
345,Er1 Lu1 O3,FALSE
346,Nd1 Pd1 O3,FALSE
347,Gd1 Ru1 O3,FALSE
348,Y1 Ho1 O3,FALSE
349,Eu1 Tm1 O3,FALSE
350,Nd1 Y1 O3,FALSE
351,Ho1 Er1 O3,FALSE
352,Tb1 Nd1 O3,FALSE
353,Dy1 Pb1 O3,FALSE
354,Er1 Sb1 O3,FALSE
355,Tb1 Ho1 O3,FALSE
356,Lu1 Mo1 O3,TRUE
357,Pm1 Ru1 O3,FALSE
358,Ti1 Re1 O3,FALSE
359,In1 Co1 O3,TRUE
360,Sm1 Tc1 O3,FALSE
361,Eu1 As1 O3,FALSE
362,Tb1 Au1 O3,FALSE
363,Tb1 Ta1 O3,FALSE
364,Tc1 Hg1 O3,FALSE
365,Tm1 Mn1 O3,TRUE
366,Y1 Au1 O3,FALSE
367,Y1 Ta1 O3,FALSE
368,Hg1 Rh1 O3,FALSE
369,Mn1 V1 O3,TRUE
370,Cd1 Re1 O3,FALSE
371,Cr1 Bi1 O3,FALSE
372,Tm1 Re1 O3,FALSE
373,Sm1 Dy1 O3,FALSE
374,Pm1 Er1 O3,FALSE
375,Ni1 Sb1 O3,FALSE
376,Pm1 Er1 O3,FALSE
377,Cs1 W1 O3,TRUE
378,Sm1 Dy1 O3,FALSE
379,Ho1 Ru1 O3,FALSE
380,Ho1 Ga1 O3,FALSE
381,La1 Nd1 O3,FALSE
382,Fe1 Ru1 O3,FALSE
383,Ce1 Ho1 O3,FALSE
384,Zr1 Hg1 O3,FALSE
385,Pr1 Pm1 O3,FALSE
386,Hg1 Sb1 O3,FALSE
387,Sc1 Ni1 O3,TRUE
388,Sm1 Zr1 O3,FALSE
389,Tb1 Pm1 O3,FALSE
390,Pr1 Nd1 O3,FALSE
391,Pd1 Rh1 O3,FALSE
392,Y1 Er1 O3,FALSE
393,Dy1 Pt1 O3,FALSE
394,Mn1 Re1 O3,FALSE
395,Ba1 Re1 O3,FALSE
396,Cr1 Re1 O3,FALSE
397,La1 Ta1 O3,FALSE
398,Gd1 Tl1 O3,FALSE
399,Mn1 Ir1 O3,TRUE
400,Ce1 Ir1 O3,FALSE
401,Cr1 Ir1 O3,FALSE
402,Er1 As1 O3,FALSE
403,Ca1 Pr1 O3,FALSE
404,Tl1 Ir1 O3,FALSE
405,La1 Lu1 O3,FALSE
406,Pm1 Tl1 O3,FALSE
407,Eu1 Sb1 O3,FALSE
408,Pm1 Ni1 O3,TRUE
409,Mn1 Os1 O3,FALSE
410,Tb1 Ag1 O3,FALSE
411,Ba1 Os1 O3,FALSE
412,Er1 Nb1 O3,FALSE
413,Mo1 Au1 O3,TRUE
414,Cr1 Os1 O3,FALSE
415,Tm1 Pd1 O3,FALSE
416,Cd1 Pd1 O3,FALSE
417,Pm1 Fe1 O3,TRUE
418,Y1 Ag1 O3,FALSE
419,Ce1 Dy1 O3,FALSE
420,Eu1 Zr1 O3,FALSE
421,Er1 Tm1 O3,FALSE
422,Mn1 Pd1 O3,TRUE
423,Dy1 Ga1 O3,FALSE
424,Dy1 Ru1 O3,FALSE
425,Co1 W1 O3,TRUE
426,Cr1 Pd1 O3,TRUE
427,Tm1 Os1 O3,FALSE
428,Ho1 Lu1 O3,FALSE
429,Pr1 Nb1 O3,FALSE
430,Ce1 Pd1 O3,FALSE
431,In1 Ni1 O3,TRUE
432,Sr1 W1 O3,TRUE
433,Ba1 Pd1 O3,TRUE
434,Tb1 Mo1 O3,TRUE
435,Tl1 Pd1 O3,FALSE
436,Y1 Mo1 O3,TRUE
437,Eu1 Dy1 O3,FALSE
438,Sm1 Ho1 O3,FALSE
439,Cd1 Os1 O3,FALSE
440,Tm1 Ir1 O3,FALSE
441,Sm1 Mg1 O3,FALSE
442,Fe1 Pt1 O3,FALSE
443,Pr1 As1 O3,FALSE
444,Cd1 Ir1 O3,FALSE
445,Lu1 Ta1 O3,FALSE
446,Lu1 Au1 O3,FALSE
447,Ca1 Tc1 O3,FALSE
448,Dy1 Ta1 O3,FALSE
449,Dy1 Au1 O3,FALSE
450,Ir1 Pb1 O3,FALSE
451,Nd1 As1 O3,FALSE
452,Tm1 Zr1 O3,FALSE
453,Nd1 Nb1 O3,FALSE
454,Au1 I1 O3,FALSE
455,Fe1 Au1 O3,TRUE
456,Gd1 Mo1 O3,TRUE
457,Nd1 Dy1 O3,FALSE
458,Tb1 Pb1 O3,FALSE
459,Lu1 Ga1 O3,FALSE
460,Lu1 Ru1 O3,FALSE
461,Pm1 Mo1 O3,TRUE
462,Nd1 Tm1 O3,FALSE
463,Os1 Pb1 O3,FALSE
464,Ce1 Mg1 O3,FALSE
465,Ni1 Au1 O3,TRUE
466,Tm1 Sb1 O3,FALSE
467,Dy1 Ho1 O3,FALSE
468,Zr1 Cd1 O3,FALSE
469,Gd1 Ag1 O3,FALSE
470,Dy1 Tm1 O3,FALSE
471,Pd1 Pb1 O3,FALSE
472,Zn1 Ru1 O3,FALSE
473,Eu1 Os1 O3,FALSE
474,Pm1 Ag1 O3,FALSE
475,Tm1 Lu1 O3,FALSE
476,In1 Mo1 O3,TRUE
477,Lu1 Co1 O3,TRUE
478,Tb1 Tl1 O3,FALSE
479,Sm1 Re1 O3,FALSE
480,Dy1 W1 O3,TRUE
481,Ti1 Tc1 O3,FALSE
482,Ti1 Rh1 O3,FALSE
483,Eu1 Ho1 O3,FALSE
484,Co1 Bi1 O3,TRUE
485,Fe1 W1 O3,TRUE
486,La1 Dy1 O3,FALSE
487,Cd1 W1 O3,TRUE
488,Co1 Pt1 O3,FALSE
489,Ag1 Pt1 O3,FALSE
490,Eu1 Ir1 O3,FALSE
491,Re1 Hg1 O3,FALSE
492,Y1 Tl1 O3,FALSE
493,Hg1 Ir1 O3,FALSE
494,Eu1 Re1 O3,FALSE
495,Sm1 Ir1 O3,FALSE
496,Eu1 Dy1 O3,FALSE
497,La1 Ho1 O3,FALSE
498,Pm1 Nd1 O3,FALSE
499,Dy1 Y1 O3,FALSE
500,Hg1 Os1 O3,FALSE
501,Sm1 Os1 O3,FALSE
502,Tb1 Y1 O3,FALSE
503,Hg1 Pd1 O3,FALSE
504,Nd1 Ho1 O3,FALSE
505,Ag1 Ru1 O3,FALSE
506,Co1 Ru1 O3,FALSE
507,Y1 Er1 O3,FALSE
508,Sc1 Mo1 O3,TRUE
509,Sm1 Pd1 O3,FALSE
510,Tb1 Er1 O3,FALSE
511,Pr1 In1 O3,FALSE
512,Zn1 Pt1 O3,FALSE
513,Dy1 Te1 O3,FALSE
514,Pr1 Er1 O3,FALSE
515,Nd1 Tc1 O3,FALSE
516,Ho1 Au1 O3,FALSE
517,Ho1 Ta1 O3,FALSE
518,Ba1 W1 O3,TRUE
519,Tb1 Sc1 O3,FALSE
520,Mn1 Pb1 O3,TRUE
521,Tl1 As1 O3,FALSE
522,Gd1 Au1 O3,FALSE
523,Gd1 Ta1 O3,FALSE
524,Er1 Ir1 O3,FALSE
525,Pd1 Ir1 O3,FALSE
526,Co1 Au1 O3,TRUE
527,Pm1 Au1 O3,FALSE
528,Pm1 Ta1 O3,FALSE
529,Ce1 As1 O3,FALSE
530,Tb1 Ru1 O3,FALSE
531,Tm1 Tl1 O3,FALSE
532,Pm1 Ho1 O3,FALSE
533,Dy1 Mo1 O3,TRUE
534,Ce1 Nb1 O3,FALSE
535,Pm1 Nd1 O3,FALSE
536,Ce1 Y1 O3,FALSE
537,Pr1 Pd1 O3,FALSE
538,La1 Tb1 O3,FALSE
539,Y1 Ru1 O3,FALSE
540,Ce1 Y1 O3,FALSE
541,Ga1 Au1 O3,FALSE
542,Dy1 Ag1 O3,FALSE
543,Zn1 Pb1 O3,FALSE
544,Tm1 Nb1 O3,FALSE
545,Er1 Pd1 O3,FALSE
546,Nd1 Zr1 O3,FALSE
547,Lu1 Ni1 O3,TRUE
548,Gd1 Y1 O3,FALSE
549,Nb1 Cd1 O3,FALSE
550,Hf1 Ag1 O3,FALSE
551,Tb1 Ce1 O3,FALSE
552,Pr1 Hg1 O3,FALSE
553,Dy1 Sn1 O3,FALSE
554,Pr1 Ir1 O3,FALSE
555,Pr1 Sm1 O3,FALSE
556,Li1 Tc1 O3,FALSE
557,Tm1 As1 O3,FALSE
558,La1 Pm1 O3,FALSE
559,Ca1 W1 O3,TRUE
560,Cd1 Tc1 O3,FALSE
561,Cd1 Rh1 O3,FALSE
562,Tb1 Pt1 O3,FALSE
563,Pr1 Eu1 O3,FALSE
564,Hg1 W1 O3,TRUE
565,Tm1 Tc1 O3,FALSE
566,Fe1 Co1 O3,TRUE
567,Ho1 Ag1 O3,FALSE
568,V1 Pb1 O3,TRUE
569,Tb1 Lu1 O3,FALSE
570,Tb1 Sm1 O3,FALSE
571,Er1 Lu1 O3,FALSE
572,Ti1 Tl1 O3,FALSE
573,Pm1 Tm1 O3,FALSE
574,Ag1 Pb1 O3,FALSE
575,Ti1 Cr1 O3,TRUE
576,Ho1 Mo1 O3,TRUE
577,Sm1 Y1 O3,FALSE
578,Re1 Pd1 O3,FALSE
579,Tl1 Rh1 O3,FALSE
580,Sc1 Ta1 O3,FALSE
581,Mn1 Tc1 O3,FALSE
582,Cr1 Tc1 O3,FALSE
583,Mn1 Rh1 O3,TRUE
584,Ba1 Tc1 O3,FALSE
585,Pm1 Al1 O3,TRUE
586,Rb1 Mn1 O3,TRUE
587,Pm1 Cr1 O3,TRUE
588,Rb1 Ta1 O3,FALSE
589,Ba2 Bi1 Sb1 O6,TRUE
590,Ba2 Ta1 Bi1 O6,TRUE
591,Ba2 Cr1 Mo1 O6,TRUE
592,Ba2 Dy1 Mo1 O6,TRUE
593,Ba2 Ta1 Ga1 O6,TRUE
594,Ba2 Mg1 W1 O6,TRUE
595,Ba2 Sb1 Rh1 O6,FALSE
596,Ba2 Ta1 Tl1 O6,TRUE
597,Ba2 Tm1 Ir1 O6,TRUE
598,Ba2 Zn1 Mo1 O6,TRUE
599,Ba2 Yb1 V1 O6,TRUE
600,La2 Tm1 Ni1 O6,TRUE
601,Nd2 Ho1 Pt1 O6,FALSE
602,Nd2 Er1 As1 O6,FALSE
603,Ba2 Yb1 Au1 O6,TRUE
604,Ba2 Ho1 Pt1 O6,TRUE
605,Sm2 Er1 Pt1 O6,FALSE
606,Ba2 Ca1 Os1 O6,TRUE
607,Tb1 Y2 V1 O6,TRUE
608,Dy2 Lu1 Nb1 O6,FALSE
609,La2 Nd1 W1 O6,TRUE
610,Ba2 Tm1 Se1 O6,FALSE
611,La2 Tb1 V1 O6,TRUE
612,Ba2 Nd1 Ir1 O6,TRUE
613,Ba2 Tb1 Au1 O6,TRUE
614,Ba2 Lu1 Mo1 O6,TRUE
615,Ca2 Ga1 Au1 O6,FALSE
616,Ba2 Eu1 Se1 O6,FALSE
617,Ba2 Tm1 As1 O6,FALSE
618,Nd2 Tm1 As1 O6,FALSE
619,Ba2 Tm1 Rh1 O6,TRUE
620,Ba2 Sm1 Se1 O6,FALSE
621,Ba2 Ga1 I1 O6,FALSE
622,Ba2 Lu1 Ru1 O6,TRUE
623,Ba2 Dy1 Au1 O6,TRUE
624,Ba2 Y1 Os1 O6,TRUE
625,Ba2 Eu1 Ir1 O6,TRUE
626,Ba2 Y1 Ir1 O6,TRUE
627,Nd2 Lu1 Pt1 O6,FALSE
628,Ba2 Lu1 Pt1 O6,TRUE
629,Ba2 Ho1 Au1 O6,TRUE
630,Nd2 Lu1 Ru1 O6,FALSE
631,Ba2 Pm1 Os1 O6,TRUE
632,Ba2 Gd1 Os1 O6,TRUE
633,Ba2 Pm1 Ir1 O6,TRUE
634,Ba2 Er1 Au1 O6,TRUE
635,Ba2 Dy1 Se1 O6,FALSE
636,Nd2 Lu1 Rh1 O6,FALSE
637,Ba2 Lu1 Nb1 O6,TRUE
638,Tb1 Pr2 V1 O6,TRUE
639,Ba2 Lu1 Tc1 O6,TRUE
640,Ba2 Lu1 Rh1 O6,TRUE
641,Ba2 Tm1 V1 O6,TRUE
642,Ba2 V1 Se1 O6,TRUE
643,Ba2 Tm1 Ru1 O6,TRUE
644,Ga1 Sb1 Pd2 O6,FALSE
645,Ba2 Dy1 Ir1 O6,TRUE
646,Ba2 Eu1 Au1 O6,TRUE
647,La2 Tm1 Mn1 O6,TRUE
648,Dy2 Ho1 Pt1 O6,FALSE
649,Ca1 Pm2 V1 O6,TRUE
650,Ba2 Lu1 W1 O6,TRUE
651,La2 Dy1 Ni1 O6,TRUE
652,Dy2 Lu1 Ta1 O6,FALSE
653,Ba2 Sr1 Os1 O6,TRUE
654,Sm2 Lu1 Pt1 O6,FALSE
655,Ba2 Lu1 Re1 O6,TRUE
656,Ba2 La1 Ir1 O6,TRUE
657,Ba2 La1 Os1 O6,TRUE
658,Ba2 Ga1 Sb1 O6,TRUE
659,K2 Y1 Os1 O6,TRUE
660,Ba2 Lu1 Ir1 O6,TRUE
661,Ba2 Lu1 Os1 O6,TRUE
662,Sm2 Ho1 Pt1 O6,FALSE
663,Ba2 Er1 Pt1 O6,TRUE
664,La2 Yb1 Co1 O6,TRUE
665,Nd2 Ho1 As1 O6,FALSE
666,Nd2 Er1 Pt1 O6,FALSE
667,Ba2 Tb1 Os1 O6,TRUE
668,Ba2 Gd1 V1 O6,TRUE
669,Ca2 Tm1 V1 O6,TRUE
670,Ba2 Ca1 Se1 O6,TRUE
671,Ba2 La1 Au1 O6,TRUE
672,Ca2 Ho1 V1 O6,TRUE
673,Ba2 Er1 Nb1 O6,TRUE
674,Ba2 Lu1 Au1 O6,TRUE
675,Ba2 Y1 Nb1 O6,TRUE
676,Ba2 Dy1 V1 O6,TRUE
677,Ba2 Er1 V1 O6,TRUE
678,Ba2 Pm1 Au1 O6,TRUE
679,Ba2 Gd1 Au1 O6,TRUE
680,Ba2 Tm1 Nb1 O6,TRUE
681,Ba2 Sc1 Au1 O6,TRUE
682,Ca2 Tb1 V1 O6,TRUE
683,Ba2 Pr1 Au1 O6,TRUE
684,Ba2 Ho1 V1 O6,TRUE
685,Ba2 Sr1 Se1 O6,TRUE
686,Ba2 Y1 V1 O6,TRUE
687,Ca2 Dy1 V1 O6,TRUE
688,Ba2 Y1 Au1 O6,TRUE
689,Ba2 Sm1 Au1 O6,TRUE
690,Ba2 Nd1 V1 O6,TRUE
691,Rb2 Gd1 Os1 O6,TRUE
692,Ca2 Er1 V1 O6,TRUE
693,Ba2 Tm1 Au1 O6,TRUE
694,Ba2 Ho1 Nb1 O6,TRUE
695,Ba2 Dy1 Nb1 O6,TRUE
696,Ba2 Ca1 Te1 O6,TRUE
697,Ba2 Nd1 Au1 O6,TRUE
698,Ba2 Yb1 Se1 O6,TRUE
699,Ba2 La1 V1 O6,TRUE
700,Ba2 Tb1 V1 O6,TRUE
701,Ba2 Cr1 Bi1 O6,TRUE
702,Ba2 Dy1 Bi1 O6,TRUE
703,Ba2 Tm1 Bi1 O6,TRUE
704,Ba2 Yb1 Bi1 O6,TRUE
705,Ba2 Ce1 Nb1 O6,TRUE
706,Ba2 Nd1 Nb1 O6,TRUE
707,Ba2 Sc1 Nb1 O6,TRUE
708,Ba2 Sm1 Nb1 O6,TRUE
709,Ba2 Co1 Os1 O6,TRUE
710,Ba2 Ni1 Os1 O6,TRUE
711,Ba2 Er1 Re1 O6,TRUE
712,Ba2 Fe1 Re1 O6,TRUE
713,Ba2 Ho1 Re1 O6,TRUE
714,Ba2 La1 Re1 O6,TRUE
715,Ba2 Mg1 Re1 O6,TRUE
716,Ba2 Mn1 Re1 O6,TRUE
717,Ba2 Dy1 Ru1 O6,TRUE
718,Ba2 Yb1 Ru1 O6,TRUE
719,Ba2 Co1 Sb1 O6,TRUE
720,Ba2 Tb1 Sb1 O6,TRUE
721,Ba2 Tl1 Sb1 O6,TRUE
722,Ba2 Ta1 Al1 O6,TRUE
723,Ba2 Cd1 W1 O6,TRUE
724,Ba2 Cr1 W1 O6,TRUE
725,Ba2 Eu1 W1 O6,TRUE
726,Tb2 Er1 Ga1 O6,FALSE
727,Dy2 Tm1 Ga1 O6,FALSE
728,La2 Ho1 In1 O6,FALSE
729,La2 Tm1 Tl1 O6,FALSE
730,La2 Lu1 As1 O6,FALSE
731,Tb1 Sm2 V1 O6,TRUE
732,Nd2 Dy1 Ga1 O6,FALSE
733,La2 Lu1 Nb1 O6,FALSE
734,La2 Tb1 Lu1 O6,FALSE
735,Sm2 Ho1 Lu1 O6,FALSE
736,La2 Tb1 Dy1 O6,FALSE
737,Dy2 Y1 Lu1 O6,FALSE
738,La2 Y1 Tm1 O6,FALSE
739,Nd2 Er1 Tm1 O6,FALSE
740,Tb2 Lu1 Al1 O6,FALSE
741,Er1 Sc2 Co1 O6,FALSE
742,Tb2 Dy1 Tm1 O6,FALSE
743,Tb1 Dy2 Tm1 O6,FALSE
744,Tb1 Ho2 Er1 O6,FALSE
745,Dy2 Tl1 Ga1 O6,FALSE
746,Nd2 Tm1 Cu1 O6,FALSE
747,Pm2 V1 In1 O6,TRUE
748,Tb2 Ho1 Tm1 O6,FALSE
749,Ho2 Lu1 Ga1 O6,FALSE
750,La2 Ho1 Mn1 O6,TRUE
751,Y2 Tl1 Ga1 O6,FALSE
752,Tb1 Y2 Tm1 O6,FALSE
753,Pm2 Tm1 Ni1 O6,TRUE
754,Y1 Tm2 Ga1 O6,FALSE
755,La2 Lu1 Cr1 O6,TRUE
756,Tb2 Lu1 In1 O6,FALSE
757,Sm2 Dy1 Lu1 O6,FALSE
758,Nd2 Ho1 Ga1 O6,FALSE
759,Pr2 Lu1 Tl1 O6,FALSE
760,La2 Lu1 Ti1 O6,FALSE
761,Pr2 Tm1 As1 O6,FALSE
762,Sr2 Pr1 Ti1 O6,FALSE
763,Y2 Tm1 Ga1 O6,FALSE
764,La2 Tb1 Mg1 O6,FALSE
765,Pr2 Lu1 Fe1 O6,TRUE
766,Y1 Er2 Lu1 O6,FALSE
767,La2 Lu1 Rh1 O6,FALSE
768,Ho2 Tm1 Lu1 O6,FALSE
769,La2 Dy1 In1 O6,FALSE
770,Tm1 Lu2 Ga1 O6,FALSE
771,Sm2 Lu1 In1 O6,FALSE
772,La2 Sc1 In1 O6,FALSE
773,La2 Tb1 Tm1 O6,FALSE
774,La2 Tl1 Ga1 O6,FALSE
775,Nd2 Gd1 Ga1 O6,FALSE
776,Nd2 Ho1 Er1 O6,FALSE
777,Pr2 Er1 In1 O6,FALSE
778,Sm2 Ho1 Tm1 O6,FALSE
779,Sm2 Tm1 B1 O6,FALSE
780,Tb1 Nd2 Ho1 O6,FALSE
781,Dy2 Y1 Tm1 O6,FALSE
782,La2 Er1 Mo1 O6,TRUE
783,La2 Y1 Lu1 O6,FALSE
784,Nd2 Tm1 Al1 O6,FALSE
785,Dy2 Ho1 In1 O6,FALSE
786,Nd2 In1 Ga1 O6,FALSE
787,Tb2 Y1 In1 O6,FALSE
788,Nd2 Er1 Lu1 O6,FALSE
789,La2 Tm1 Ga1 O6,FALSE
790,Hf1 V1 Pb2 O6,TRUE
791,Tb1 Pr2 Er1 O6,FALSE
792,Tb2 Dy1 Lu1 O6,FALSE
793,Tb1 Dy2 Lu1 O6,FALSE
794,La2 Ho1 Ir1 O6,FALSE
795,Nd2 Tm1 In1 O6,FALSE
796,Tb1 Y2 Dy1 O6,FALSE
797,Tb2 Ho1 Lu1 O6,FALSE
798,Pr2 Dy1 Ho1 O6,FALSE
799,Pr2 Lu1 Ga1 O6,FALSE
800,Tm2 Lu1 Ga1 O6,FALSE
801,Y2 Ho1 In1 O6,FALSE
802,Nd2 Y1 In1 O6,FALSE
803,Er2 Lu1 Ga1 O6,FALSE
804,Sm2 Er1 Ga1 O6,FALSE
805,Nd2 Sc1 Ga1 O6,FALSE
806,Sm2 Dy1 Tm1 O6,FALSE
807,La2 Tb1 Zn1 O6,FALSE
808,Nd2 Dy1 Er1 O6,FALSE
809,Er2 Tm1 Lu1 O6,FALSE
810,Sm2 Y1 Tm1 O6,FALSE
811,Tb2 Ho1 V1 O6,TRUE
812,Pr2 Tm1 Lu1 O6,FALSE
813,Tb1 Pr2 Ni1 O6,TRUE
814,Pr2 Y1 Ho1 O6,FALSE
815,Y1 Er2 Tm1 O6,FALSE
816,La2 Gd1 In1 O6,FALSE
817,Nd2 Tl1 In1 O6,FALSE
818,Y2 Er1 Ga1 O6,FALSE
819,La2 Lu1 V1 O6,TRUE
820,Sm2 Ho1 In1 O6,FALSE
821,Pr2 Y1 Ga1 O6,FALSE
822,Ho2 In1 Ga1 O6,FALSE
823,Ba2 Tb1 Si1 O6,FALSE
824,Pr2 Er1 Tm1 O6,FALSE
825,Ho2 Er1 Lu1 O6,FALSE
826,Ba2 Tb1 Ru1 O6,TRUE
827,Tb1 Sm2 Lu1 O6,FALSE
828,Tb1 Sm2 Dy1 O6,FALSE
829,La2 Ho1 Lu1 O6,FALSE
830,Pr2 Er1 As1 O6,FALSE
831,Dy1 Er2 Ga1 O6,FALSE
832,Dy2 Lu1 In1 O6,FALSE
833,Ba2 Pr1 Ir1 O6,TRUE
834,Dy1 Tm2 Ga1 O6,FALSE
835,Tb2 Y1 Tm1 O6,FALSE
836,Pr2 Dy1 Ga1 O6,FALSE
837,Dy2 Ho1 Tm1 O6,FALSE
838,Nd2 Tm1 B1 O6,FALSE
839,Dy2 Y1 In1 O6,FALSE
840,Ba2 Pr1 Os1 O6,TRUE
841,Y2 Dy1 Tm1 O6,FALSE
842,La2 Lu1 Ir1 O6,FALSE
843,Tb2 Tm1 B1 O6,FALSE
844,Ho2 Sc1 Ga1 O6,FALSE
845,Dy2 Lu1 Al1 O6,FALSE
846,Y2 Ho1 Tm1 O6,FALSE
847,Y1 Lu2 Ga1 O6,FALSE
848,Nd2 Y1 Tm1 O6,FALSE
849,Nd2 Lu1 Tl1 O6,FALSE
850,Tb2 Tl1 Ga1 O6,FALSE
851,Dy1 Ho2 Er1 O6,FALSE
852,Pr2 Ho1 Ga1 O6,FALSE
853,Ho1 Tm2 Ga1 O6,FALSE
854,Y1 Ho2 Er1 O6,FALSE
855,Ho1 Er2 Ga1 O6,FALSE
856,Y2 Lu1 In1 O6,FALSE
857,La2 Er1 Ni1 O6,TRUE
858,La2 Dy1 Lu1 O6,FALSE
859,La2 Eu1 Ga1 O6,FALSE
860,Ho2 Tm1 In1 O6,FALSE
861,Dy1 Y1 Ho2 O6,FALSE
862,La2 Er1 Fe1 O6,TRUE
863,Tb2 Tm1 Ga1 O6,FALSE
864,Sm2 Y1 In1 O6,FALSE
865,Dy2 Er1 Ga1 O6,FALSE
866,Sm2 Dy1 In1 O6,FALSE
867,La2 Er1 Tl1 O6,FALSE
868,La2 Lu1 In1 O6,FALSE
869,Ba2 Tb1 Pb1 O6,TRUE
870,Pr2 Er1 Lu1 O6,FALSE
871,Ho2 Er1 Tm1 O6,FALSE
872,Pr2 Tm1 Al1 O6,FALSE
873,La2 Ho1 As1 O6,FALSE
874,Pr2 In1 Ga1 O6,FALSE
875,Tb1 Sm2 Tm1 O6,FALSE
876,Sm2 Tl1 Ga1 O6,FALSE
877,Tm2 In1 Ga1 O6,FALSE
878,La2 Ho1 Tm1 O6,FALSE
879,Er2 In1 Ga1 O6,FALSE
880,Tb1 Nd2 Er1 O6,FALSE
881,Tb2 Dy1 In1 O6,FALSE
882,Gd1 Er2 Ga1 O6,FALSE
883,Y1 Ho2 Ga1 O6,FALSE
884,Dy2 Lu1 Cu1 O6,FALSE
885,Sm2 Tm1 Ga1 O6,FALSE
886,Gd1 Tm2 Ga1 O6,FALSE
887,Nd2 Er1 In1 O6,FALSE
888,Tb2 Y1 Lu1 O6,FALSE
889,Dy1 Ho2 Ga1 O6,FALSE
890,Pr2 Ho1 Er1 O6,FALSE
891,La2 Y1 In1 O6,FALSE
892,Pr2 Gd1 Ga1 O6,FALSE
893,Dy2 Ho1 Lu1 O6,FALSE
894,Tb1 Nd2 V1 O6,TRUE
895,Tb1 Pr2 Ho1 O6,FALSE
896,Y2 Dy1 Lu1 O6,FALSE
897,Y2 Ho1 Lu1 O6,FALSE
898,Pr2 Sc1 Ga1 O6,FALSE
899,Pr2 Dy1 Er1 O6,FALSE
900,Pr2 Dy1 Y1 O6,FALSE
901,La2 Er1 V1 O6,TRUE
902,La2 Lu1 Mn1 O6,TRUE
903,Sm1 Y2 Ga1 O6,FALSE
904,Tb2 Lu1 As1 O6,FALSE
905,Er2 Sc1 Ga1 O6,FALSE
906,La2 Ho1 Cr1 O6,TRUE
907,Ba2 Sm1 Ir1 O6,TRUE
908,Tb2 Ho1 In1 O6,FALSE
909,Pr2 Tl1 In1 O6,FALSE
910,Ho2 Lu1 B1 O6,FALSE
911,La2 Er1 Ga1 O6,FALSE
912,La2 Er1 Ru1 O6,FALSE
913,Nd2 Tm1 Lu1 O6,FALSE
914,La2 Gd1 Lu1 O6,FALSE
915,La2 Dy1 Tm1 O6,FALSE
916,Pr2 Tm1 In1 O6,FALSE
917,Nd2 Lu1 Ga1 O6,FALSE
918,Nd2 Dy1 Ho1 O6,FALSE
919,La2 Ho1 Ti1 O6,FALSE
920,Er1 Lu2 Ga1 O6,FALSE
921,La2 Dy1 As1 O6,FALSE
922,La2 Er1 Co1 O6,TRUE
923,Pr2 Y1 Er1 O6,FALSE
924,La2 Ho1 Rh1 O6,FALSE
925,Gd1 Y2 Ga1 O6,FALSE
926,Ho2 Lu1 Al1 O6,FALSE
927,Y2 Ho1 Er1 O6,FALSE
928,Nd2 Y1 Er1 O6,FALSE
929,Pr2 Er1 Ni1 O6,TRUE
930,Ba2 Tb1 Zr1 O6,FALSE
931,Pr2 Dy1 Lu1 O6,FALSE
932,Ho1 Lu2 Ga1 O6,FALSE
933,Dy1 Ho2 Tm1 O6,FALSE
934,La2 Ho1 Co1 O6,TRUE
935,Tb1 Y2 Ho1 O6,FALSE
936,Y1 Ho2 Tm1 O6,FALSE
937,Dy1 Er2 Lu1 O6,FALSE
938,Dy2 Tm1 In1 O6,FALSE
939,Tb2 Er1 In1 O6,FALSE
940,La2 Ho1 Ga1 O6,FALSE
941,La2 Ho1 Ru1 O6,FALSE
942,Pm2 Tm1 B1 O6,FALSE
943,La2 Er1 Cr1 O6,TRUE
944,Ho2 Er1 Ga1 O6,FALSE
945,Nd2 Dy1 In1 O6,FALSE
946,Nd2 Dy1 Y1 O6,FALSE
947,Y2 In1 Ga1 O6,FALSE
948,Y2 Er1 Lu1 O6,FALSE
949,Tb2 Dy1 Y1 O6,FALSE
950,Dy2 In1 Ga1 O6,FALSE
951,Nd2 Ho1 In1 O6,FALSE
952,Tb2 Tm1 Lu1 O6,FALSE
953,Ba2 Zr1 Ta1 O6,TRUE
954,Dy2 Er1 Lu1 O6,FALSE
955,Pm2 Tm1 Cu1 O6,FALSE
956,Y2 Tm1 In1 O6,FALSE
957,Tb1 Nd2 Dy1 O6,FALSE
958,Nd2 Tm1 Ni1 O6,TRUE
959,La2 Dy1 Ga1 O6,FALSE
960,Tb1 Nd2 Lu1 O6,FALSE
961,La2 Er1 Tm1 O6,FALSE
962,Ho1 Er2 Lu1 O6,FALSE
963,La2 Y1 Ho1 O6,FALSE
964,Ho2 Lu1 In1 O6,FALSE
965,Y2 Sc1 Ga1 O6,FALSE
966,Gd1 Dy2 Ga1 O6,FALSE
967,Tb2 Y1 Er1 O6,FALSE
968,Pr2 Ho1 Lu1 O6,FALSE
969,Dy1 Lu2 Ga1 O6,FALSE
970,La2 Er1 As1 O6,FALSE
971,Dy2 Ho1 Er1 O6,FALSE
972,Tb2 Lu1 Ga1 O6,FALSE
973,Tb1 Dy2 Ho1 O6,FALSE
974,Tb2 Dy1 Ho1 O6,FALSE
975,Y2 Dy1 Er1 O6,FALSE
976,Y2 Dy1 Ga1 O6,FALSE
977,La2 Ho1 Tl1 O6,FALSE
978,La2 Ho1 V1 O6,TRUE
979,Dy2 Ho1 Ga1 O6,FALSE
980,Pr2 Dy1 Tm1 O6,FALSE
981,Tm1 Lu2 B1 O6,FALSE
982,La2 Tm1 In1 O6,FALSE
983,Tb2 Y1 Ga1 O6,FALSE
984,Dy1 Ho2 Lu1 O6,FALSE
985,Sm2 Tm1 Lu1 O6,FALSE
986,La2 Ho1 Fe1 O6,TRUE
987,Y1 Ho2 Lu1 O6,FALSE
988,La2 Ho1 Ni1 O6,TRUE
989,Pr2 Er1 Co1 O6,TRUE
990,La2 Dy1 Er1 O6,FALSE
991,Sm2 Dy1 Ho1 O6,FALSE
992,Sm2 Lu1 Ga1 O6,FALSE
993,Tb1 Pm2 V1 O6,TRUE
994,Sr2 Tb1 Ti1 O6,FALSE
995,Er1 Tm2 Ga1 O6,FALSE
996,La2 Sc1 Ga1 O6,FALSE
997,Sm2 Y1 Ho1 O6,FALSE
998,La2 Tl1 In1 O6,FALSE
999,Pr2 Er1 Ga1 O6,FALSE
1000,Pm2 Tm1 Al1 O6,FALSE
1001,Pr2 Y1 Tm1 O6,FALSE
1002,Y1 Ho1 Er2 O6,FALSE
1003,Y2 Er1 Tm1 O6,FALSE
1004,Lu2 In1 Ga1 O6,FALSE
1005,Tm1 Lu2 Al1 O6,FALSE
1006,Dy2 Er1 Tm1 O6,FALSE
1007,Tb1 Sm2 Er1 O6,FALSE
1008,La2 Tb1 Ho1 O6,FALSE
1009,La2 Lu1 Mo1 O6,TRUE
1010,Tb2 Tm1 As1 O6,FALSE
1011,La2 Ho1 Er1 O6,FALSE
1012,Tb2 Lu1 Tl1 O6,FALSE
1013,Nd2 Tl1 Ga1 O6,FALSE
1014,La2 Gd1 Ga1 O6,FALSE
1015,Tb1 Nd2 Tm1 O6,FALSE
1016,Ba2 Hf1 Ta1 O6,TRUE
1017,La2 Er1 Lu1 O6,FALSE
1018,Nd2 Tm1 Ga1 O6,FALSE
1019,Ho1 Er2 Tm1 O6,FALSE
1020,Pr2 Ho1 As1 O6,FALSE
1021,La2 In1 Ga1 O6,FALSE
1022,Dy2 Y1 Ho1 O6,FALSE
1023,Ho2 Lu1 Cu1 O6,FALSE
1024,Pr2 Lu1 In1 O6,FALSE
1025,Gd1 Lu2 Ga1 O6,FALSE
1026,Pr2 Ho1 Tm1 O6,FALSE
1027,Tb2 Lu1 B1 O6,FALSE
1028,Sr2 Hf1 Ta1 O6,FALSE
1029,Y2 Ho1 Ga1 O6,FALSE
1030,Nd2 Y1 Ga1 O6,FALSE
1031,Sm2 Er1 In1 O6,FALSE
1032,La2 Dy1 Tl1 O6,FALSE
1033,Tb2 Gd1 Ga1 O6,FALSE
1034,La2 Lu1 Tl1 O6,FALSE
1035,Tb2 Ho1 Er1 O6,FALSE
1036,Nb1 Ga1 Pd2 O6,FALSE
1037,La2 Tm1 As1 O6,FALSE
1038,Nd2 Y1 Ho1 O6,FALSE
1039,Dy2 Lu1 Ga1 O6,FALSE
1040,Sm2 Tm1 Cu1 O6,FALSE
1041,Tb1 Y2 Er1 O6,FALSE
1042,La2 Lu1 Fe1 O6,TRUE
1043,Pr2 Dy1 In1 O6,FALSE
1044,Tb2 Pr1 V1 O6,FALSE
1045,Dy2 Y1 Ga1 O6,FALSE
1046,La2 Lu1 Ni1 O6,TRUE
1047,Tb2 Y1 V1 O6,TRUE
1048,Y2 Er1 In1 O6,FALSE
1049,Sc2 In1 Ga1 O6,FALSE
1050,Pr2 Y1 In1 O6,FALSE
1051,Sm2 Ho1 Ga1 O6,FALSE
1052,Nd2 Dy1 Lu1 O6,FALSE
1053,Tb2 V1 In1 O6,TRUE
1054,Ba2 Zr1 Ta1 O6,TRUE
1055,Nd2 Er1 Ni1 O6,TRUE
1056,Sr2 Zr1 Ta1 O6,FALSE
1057,Tb2 In1 Ga1 O6,FALSE
1058,Tb2 Tm1 Al1 O6,FALSE
1059,Tb2 Er1 Lu1 O6,FALSE
1060,Dy2 Tm1 Lu1 O6,FALSE
1061,Ho2 Tm1 Ga1 O6,FALSE
1062,Y1 Er2 Ga1 O6,FALSE
1063,Y2 Tm1 Lu1 O6,FALSE
1064,La2 Ho1 Mo1 O6,TRUE
1065,Dy2 Er1 In1 O6,FALSE
1066,Tb2 Tm1 In1 O6,FALSE
1067,Ba2 Tb1 Se1 O6,FALSE
1068,Sm2 Y1 Ga1 O6,FALSE
1069,Nd2 Ho1 Lu1 O6,FALSE
1070,La2 Tb1 Ge1 O6,FALSE
1071,La2 Dy1 Y1 O6,FALSE
1072,Pm2 Tm1 As1 O6,FALSE
1073,La2 Tm1 Cr1 O6,TRUE
1074,Sm2 Dy1 Ga1 O6,FALSE
1075,Sm2 Er1 Tm1 O6,FALSE
1076,Dy2 Lu1 B1 O6,FALSE
1077,Pr2 Tm1 Tl1 O6,FALSE
1078,La2 Y1 Er1 O6,FALSE
1079,Tb2 Tl1 In1 O6,FALSE
1080,Tb1 Er2 Lu1 O6,FALSE
1081,Pr2 Ho1 In1 O6,FALSE
1082,Tb2 Y1 Ho1 O6,FALSE
1083,Tb1 Pr2 Dy1 O6,FALSE
1084,Tb1 Pr2 Lu1 O6,FALSE
1085,Pr2 Tm1 Ni1 O6,TRUE
1086,Tb2 Dy1 Er1 O6,FALSE
1087,Tb1 Dy2 Er1 O6,FALSE
1088,Ho2 Tl1 Ga1 O6,FALSE
1089,Y2 Dy1 Ho1 O6,FALSE
1090,Tb1 Ho2 Tm1 O6,FALSE
1091,Tb2 Dy1 Ga1 O6,FALSE
1092,La2 Lu1 Co1 O6,TRUE
1093,Sm2 Tm1 In1 O6,FALSE
1094,Nd2 Er1 Ga1 O6,FALSE
1095,La2 Tm1 Lu1 O6,FALSE
1096,La2 Tb1 Ni1 O6,TRUE
1097,Tb1 Sc2 V1 O6,FALSE
1098,La2 Y1 Ga1 O6,FALSE
1099,Sm2 Dy1 Y1 O6,FALSE
1100,La2 Dy1 Ho1 O6,FALSE
1101,Sm2 Dy1 Er1 O6,FALSE
1102,La2 Lu1 Ru1 O6,FALSE
1103,La2 Lu1 Ga1 O6,FALSE
1104,La2 In1 Ag1 O6,FALSE
1105,Dy2 Lu1 Tl1 O6,FALSE
1106,Hf1 Pb2 W1 O6,TRUE
1107,Nd2 Dy1 Tm1 O6,FALSE
1108,Sm2 Sc1 Ga1 O6,FALSE
1109,Sm2 Y1 Er1 O6,FALSE
1110,La2 Er1 Mn1 O6,TRUE
1111,Tb2 Er1 Tm1 O6,FALSE
1112,Ba2 Tb1 Hf1 O6,TRUE
1113,Pr2 Tm1 Ga1 O6,FALSE
1114,Ba2 Pr1 Si1 O6,FALSE
1115,Nd2 Lu1 In1 O6,FALSE
1116,Tb1 Sm2 Ho1 O6,FALSE
1117,La2 Tb1 Er1 O6,FALSE
1118,Er2 Tm1 Ga1 O6,FALSE
1119,Nd2 Ho1 Tm1 O6,FALSE
1120,Sm2 Ho1 Er1 O6,FALSE
1121,Tm2 Tl1 Ga1 O6,FALSE
1122,Sm2 Er1 Lu1 O6,FALSE
1123,Sm2 In1 Ga1 O6,FALSE
1124,Sm2 Tm1 Al1 O6,FALSE
1125,Dy2 Y1 Er1 O6,FALSE
1126,Ba2 Tb1 Ir1 O6,TRUE
1127,Er2 Tl1 Ga1 O6,FALSE
1128,Tb1 Er2 Tm1 O6,FALSE
1129,Tb1 Dy1 Ho2 O6,FALSE
1130,Tb2 Ho1 Ga1 O6,FALSE
1131,Tb1 Pr2 Tm1 O6,FALSE
1132,Pm2 Lu1 Ga1 O6,FALSE
1133,Pr2 Tl1 Ga1 O6,FALSE
1134,La2 Er1 In1 O6,FALSE
1135,Tb1 Ho2 Lu1 O6,FALSE
1136,Ba2 Hf1 Zr1 O6,TRUE
1137,Sr2 Sc1 V1 O6,TRUE
1138,Nd2 Dy1 Co1 O6,TRUE
1139,Nd2 Ho1 Co1 O6,TRUE
1140,Mn1 B1 Pd2 O6,FALSE
1141,Tb1 Dy2 Cr1 O6,TRUE
1142,Pr2 Nd1 Cr1 O6,TRUE
1143,La2 Tm1 Co1 O6,TRUE
1144,Sr2 Tl1 V1 O6,TRUE
1145,Pm1 Nd2 Co1 O6,TRUE
1146,La2 Tl1 Co1 O6,TRUE
1147,Nd2 Gd1 Co1 O6,TRUE
1148,Sr2 Er1 V1 O6,TRUE
1149,Ba2 Hf1 Ti1 O6,TRUE
1150,Sr2 Hf1 Ti1 O6,TRUE
1151,Pm2 Tm1 Co1 O6,TRUE
1152,La2 Al1 B1 O6,FALSE
1153,Ba2 Zr1 Ti1 O6,TRUE
1154,Tb1 Hf1 Pb2 O6,FALSE
1155,Sr2 Zr1 Ti1 O6,TRUE
1156,Pr2 Dy1 Co1 O6,TRUE
1157,Pr2 Y1 Co1 O6,TRUE
1158,Na2 Ta1 Nb1 O6,TRUE
1159,Ba2 Hf1 Se1 O6,FALSE
1160,Mn1 Al1 Bi2 O6,TRUE
1161,Pr2 Ho1 Co1 O6,TRUE
1162,Pr2 Sm1 Cr1 O6,TRUE
1163,Sc2 Fe1 B1 O6,FALSE
1164,Nd2 Al1 B1 O6,FALSE
1165,Pr2 Pm1 Co1 O6,TRUE
1166,Pr2 Gd1 Co1 O6,TRUE
1167,Pm2 Er1 Co1 O6,TRUE
1168,Sr2 Ho1 V1 O6,TRUE
1169,Pr2 Eu1 Cr1 O6,TRUE
1170,Ba2 Hf1 Zr1 O6,TRUE
1171,Sr2 V1 In1 O6,TRUE
1172,Sr2 Hf1 Zr1 O6,TRUE
1173,Pr2 Eu1 Co1 O6,TRUE
1174,Pm2 Dy1 Co1 O6,TRUE
1175,Gd2 V1 B1 O6,TRUE
1176,Sr2 Hf1 Sn1 O6,TRUE
1177,Ba2 Hf1 Sn1 O6,TRUE
1178,Pm2 Ho1 Co1 O6,TRUE
1179,Pr2 Al1 B1 O6,FALSE
1180,Mn1 B1 Sb2 O6,FALSE
1181,Sr2 Y1 V1 O6,TRUE
1182,Pm2 Al1 B1 O6,FALSE
1183,Tb1 Gd2 Cr1 O6,TRUE
1184,Nd2 Tm1 Co1 O6,TRUE
1185,Ba2 Zr1 Si1 O6,FALSE
1186,Nd2 Y1 Co1 O6,TRUE
1187,La2 Gd1 Co1 O6,TRUE
1188,La2 Pm1 Co1 O6,TRUE
1189,Ba2 Hf1 Si1 O6,FALSE
1190,Sr2 Dy1 V1 O6,TRUE
1191,Yb1 Pr2 Cr1 O6,TRUE
1192,Pr1 Sm2 Cr1 O6,TRUE
1193,Tb1 Ho2 Cr1 O6,TRUE
1194,Sr2 Zr1 Sn1 O6,TRUE
1195,Sr2 Tm1 V1 O6,TRUE
1196,Ba2 Zr1 Sn1 O6,TRUE
1197,Tb1 Er2 Cr1 O6,FALSE
1198,Tb1 Tm2 Cr1 O6,FALSE
1199,Nd2 Er1 Co1 O6,TRUE
1200,La2 Y1 Co1 O6,TRUE
1201,Rb2 Ta1 Nb1 O6,FALSE
1202,Tm2 V1 B1 O6,TRUE
1203,Pr2 Tm1 Co1 O6,TRUE
1204,Dy1 Hf1 Co2 O6,TRUE
1205,Yb1 Hf1 V2 O6,TRUE
1206,Ca1 Pr1 Al2 O6,TRUE
1207,Ca1 Tb1 Ga2 O6,FALSE
1208,Tm1 Ga2 W1 O6,FALSE
1209,Sm1 Hf1 Fe2 O6,TRUE
1210,Eu1 Ni2 Pt1 O6,TRUE
1211,Mg1 V1 B2 O6,FALSE
1212,Mg1 Mn2 Nb1 O6,TRUE
1213,Ba1 Pr1 Al2 O6,FALSE
1214,Ba1 Tb1 Ga2 O6,FALSE
1215,Nd1 Al2 W1 O6,FALSE
1216,Mg1 Ta1 Fe2 O6,FALSE
1217,Dy1 Hf1 Cr2 O6,TRUE
1218,Ba1 Y2 V1 O6,FALSE
1219,Sm1 Al2 Re1 O6,FALSE
1220,Sm1 Zr1 Al2 O6,FALSE
1221,Tm1 Hf1 V2 O6,TRUE
1222,Ba1 Al2 W1 O6,FALSE
1223,Sm1 Al2 W1 O6,FALSE
1224,Ba1 Ta1 Al2 O6,FALSE
1225,Co2 Mo1 Pb1 O6,TRUE
1226,Ba1 Tm2 V1 O6,FALSE
1227,Dy1 Al2 W1 O6,FALSE
1228,Tb1 Cr2 Pb1 O6,TRUE
1229,Sm1 Hf1 Ni2 O6,FALSE
1230,Dy1 Al2 Re1 O6,FALSE
1231,Ba1 Hf1 Al2 O6,FALSE
1232,Dy1 Zr1 Al2 O6,FALSE
1233,Mg1 Ta1 Ni2 O6,FALSE
1234,Ca1 Hf1 V2 O6,TRUE
1235,Hf1 V2 Ag1 O6,TRUE
1236,Nd1 Ga2 Re1 O6,FALSE
1237,Ba1 Al2 Mo1 O6,TRUE
1238,Tm1 Al2 W1 O6,FALSE
1239,Ca1 Pr1 Ga2 O6,FALSE
1240,Ca1 Tb1 Al2 O6,FALSE
1241,Yb1 Hf1 Co2 O6,TRUE
1242,Tb1 Dy1 Ga2 O6,FALSE
1243,Nd1 Hf1 Ni2 O6,TRUE
1244,Ba1 Er2 V1 O6,FALSE
1245,Ca1 Hf1 Co2 O6,TRUE
1246,Sr1 Hf1 Ni2 O6,TRUE
1247,Tm1 Zr1 Al2 O6,FALSE
1248,Tb1 Sm1 Cr2 O6,TRUE
1249,Tm1 Al2 Re1 O6,FALSE
1250,Yb1 Hf1 Cr2 O6,TRUE
1251,Mg1 Tc1 Ni2 O6,FALSE
1252,Hf1 Co2 Ag1 O6,TRUE
1253,Ba1 Pr1 Ga2 O6,FALSE
1254,Ba1 Tb1 Al2 O6,FALSE
1255,Mg1 Fe2 Te1 O6,TRUE
1256,Nd1 Ga2 W1 O6,FALSE
1257,K1 V1 Ru2 O6,FALSE
1258,Dy1 Ga2 W1 O6,FALSE
1259,Mg1 Nb1 Ni2 O6,FALSE
1260,Ba1 Ti1 Al2 O6,FALSE
1261,Sr1 Hf1 Fe2 O6,TRUE
1262,Ba1 Al2 Rh1 O6,FALSE
1263,Sm1 Ga2 W1 O6,FALSE
1264,Tm1 Hf1 Cr2 O6,TRUE
1265,Ba1 Al2 Pd1 O6,FALSE
1266,Er1 Co2 Pt1 O6,TRUE
1267,Nd1 Al2 Re1 O6,FALSE
1268,Er1 Ni2 Pt1 O6,FALSE
1269,Ba1 Nb1 Al2 O6,FALSE
1270,Nd1 Zr1 Al2 O6,FALSE
1271,Er1 V2 Pt1 O6,TRUE
1272,Mg1 Fe2 Mo1 O6,TRUE
1273,Dy1 Hf1 V2 O6,TRUE
1274,Mg1 Ni2 Sn1 O6,TRUE
1275,Tb1 Eu1 Cr2 O6,TRUE
1276,Tm1 Hf1 Co2 O6,FALSE
1277,Ba1 Al2 Re1 O6,FALSE
1278,Ba1 Zr1 Al2 O6,FALSE
1279,Mg1 Ni2 Te1 O6,FALSE
1280,Dy1 Hf1 Al2 O6,FALSE
1281,Eu1 Hf1 Cr2 O6,TRUE
1282,Tb1 Tm1 Cr2 O6,TRUE
1283,Pr1 Tl1 Cr2 O6,TRUE
1284,Nd1 Al1 Ga2 O6,FALSE
1285,Yb1 Nd1 Al2 O6,TRUE
1286,Lu1 Al2 Mo1 O6,TRUE
1287,Pr1 Tm1 Al2 O6,FALSE
1288,Yb1 Sm1 Cr2 O6,TRUE
1289,Pr1 Mn1 V2 O6,TRUE
1290,Sr1 Tb1 Ga2 O6,FALSE
1291,Sm1 Mg1 Ni2 O6,TRUE
1292,La1 Yb1 Ga2 O6,FALSE
1293,Lu1 Al2 In1 O6,FALSE
1294,Lu1 Al2 Ga1 O6,FALSE
1295,Tb1 Tl1 Ga2 O6,FALSE
1296,Er1 Tm1 Al2 O6,FALSE
1297,Nd1 In1 Ga2 O6,FALSE
1298,Dy1 Cr2 Pb1 O6,TRUE
1299,La1 Tm1 Cr2 O6,TRUE
1300,Eu1 Dy1 Al2 O6,FALSE
1301,Sm1 Y1 Ga2 O6,FALSE
1302,La1 Al2 Mo1 O6,TRUE
1303,Pr1 Y1 Al2 O6,FALSE
1304,Er2 Lu1 V1 O6,FALSE
1305,Sm1 V1 B2 O6,FALSE
1306,Y1 Er1 Ga2 O6,FALSE
1307,La1 Al2 In1 O6,FALSE
1308,La1 Al2 Ga1 O6,FALSE
1309,Hf1 Fe1 Ni2 O6,TRUE
1310,Yb1 Lu1 Ga2 O6,FALSE
1311,Yb1 Hf1 Ga2 O6,FALSE
1312,Sm1 Tm1 Ga2 O6,FALSE
1313,Dy1 Lu1 Ga2 O6,FALSE
1314,Nd1 Er1 Cr2 O6,TRUE
1315,Gd1 Dy1 Ga2 O6,FALSE
1316,Yb1 Pm1 Ga2 O6,FALSE
1317,Pr1 Ga2 Rh1 O6,FALSE
1318,Tb1 Ho1 Cr2 O6,TRUE
1319,Tb1 Dy1 Al2 O6,FALSE
1320,Pr1 Dy1 Ga2 O6,FALSE
1321,Pr1 Ta1 Al2 O6,FALSE
1322,Eu1 Y1 Al2 O6,FALSE
1323,Ce1 Dy1 Ga2 O6,FALSE
1324,Cs1 Sm1 Al2 O6,FALSE
1325,Tb1 Lu1 Cr2 O6,TRUE
1326,Sm1 Dy1 Ga2 O6,FALSE
1327,Er1 Ta1 Al2 O6,FALSE
1328,Nd1 Dy1 Al2 O6,FALSE
1329,Er1 Ga2 Rh1 O6,FALSE
1330,Pm1 Ho1 Al2 O6,FALSE
1331,Pm1 Al2 In1 O6,FALSE
1332,Y1 Lu1 Al2 O6,FALSE
1333,Pm1 Al2 Ga1 O6,FALSE
1334,Tb1 Nb1 Al2 O6,FALSE
1335,Dy1 Y1 Ga2 O6,FALSE
1336,Ho1 Al2 Tl1 O6,FALSE
1337,Sc1 Nb1 Al2 O6,FALSE
1338,Tb1 Al2 Cr1 O6,TRUE
1339,Pm1 Al2 Mo1 O6,TRUE
1340,Pm1 Tm1 Cr2 O6,TRUE
1341,Pr1 Nb1 Ga2 O6,FALSE
1342,Nd1 Lu1 Al2 O6,FALSE
1343,Y1 Ho1 Al2 O6,FALSE
1344,Ho1 Tm1 Al2 O6,FALSE
1345,La1 Eu1 Al2 O6,TRUE
1346,La1 Lu1 Ga2 O6,FALSE
1347,Dy1 Al2 In1 O6,FALSE
1348,Dy1 Al2 Ga1 O6,FALSE
1349,Dy1 Mg1 Fe2 O6,TRUE
1350,Nd1 Ho1 Cr2 O6,TRUE
1351,Pr1 Eu1 Ga2 O6,FALSE
1352,Pr1 Pm1 Mo2 O6,TRUE
1353,Tb1 Gd1 Ga2 O6,FALSE
1354,Tb1 Ta1 Ga2 O6,FALSE
1355,Eu1 Hf1 Al2 O6,FALSE
1356,Tb1 Al2 Rh1 O6,FALSE
1357,Pr1 Eu1 Cr2 O6,TRUE
1358,Pm1 Sm1 Ga2 O6,FALSE
1359,Ti1 Cr2 Pb1 O6,TRUE
1360,Mg1 Cr1 W2 O6,TRUE
1361,Ho1 Er1 Ga2 O6,FALSE
1362,Nd1 Gd1 Ga2 O6,FALSE
1363,Tb1 Pm1 Al2 O6,FALSE
1364,Pr1 Hf1 Mn2 O6,TRUE
1365,Yb1 Dy1 Ga2 O6,FALSE
1366,Pr1 Mn1 Ni2 O6,TRUE
1367,Sc1 Al2 Rh1 O6,FALSE
1368,Pm1 Pr1 Ga2 O6,FALSE
1369,Mg1 V1 Ni2 O6,TRUE
1370,Sm1 Tl1 Ga2 O6,FALSE
1371,Tb1 Lu1 Al2 O6,FALSE
1372,Ho1 Ta1 Al2 O6,FALSE
1373,Pm1 Y1 Al2 O6,FALSE
1374,Yb1 Y1 Ga2 O6,FALSE
1375,Tb1 Mg1 Ni2 O6,TRUE
1376,Gd1 Ho1 Cr2 O6,TRUE
1377,Pr1 Lu1 Ga2 O6,FALSE
1378,Tb1 Pr1 Cr2 O6,TRUE
1379,Ho1 Ga2 Rh1 O6,FALSE
1380,Ce1 Lu1 Ga2 O6,FALSE
1381,Pm1 Eu1 Al2 O6,TRUE
1382,Sm1 Hf1 Ga2 O6,FALSE
1383,Sm1 Lu1 Ga2 O6,FALSE
1384,Zr1 Co2 Pb1 O6,TRUE
1385,Sm1 Sc1 Al2 O6,FALSE
1386,Nd1 Hf1 Al2 O6,FALSE
1387,Er1 Al2 Tl1 O6,FALSE
1388,La1 Pr1 Ga2 O6,FALSE
1389,La1 Y1 Ga2 O6,FALSE
1390,La1 Tb1 Al2 O6,FALSE
1391,Tb1 Tm1 Ga2 O6,FALSE
1392,Gd1 Tl1 Cr2 O6,TRUE
1393,Y1 Al2 Ga1 O6,FALSE
1394,Ce1 Nd1 Al2 O6,TRUE
1395,Eu1 Y1 Cr2 O6,TRUE
1396,Y1 Al2 In1 O6,FALSE
1397,Cr2 Te1 Pb1 O6,TRUE
1398,Tm1 Al2 Tl1 O6,FALSE
1399,Nd1 Tm2 V1 O6,FALSE
1400,Nd1 Sm1 Al2 O6,TRUE
1401,La1 Dy1 Ga2 O6,FALSE
1402,Pm1 Er1 Al2 O6,FALSE
1403,La1 Nd1 Al2 O6,TRUE
1404,Pr1 Al2 Tl1 O6,FALSE
1405,Nd1 Gd1 Al2 O6,FALSE
1406,Y1 Al2 Mo1 O6,TRUE
1407,La1 Sm1 Ga2 O6,FALSE
1408,Sm1 Tl1 Cr2 O6,TRUE
1409,Y1 Tm1 Cr2 O6,TRUE
1410,Sr1 Pr1 Al2 O6,TRUE
1411,La1 Ce1 Ga2 O6,FALSE
1412,Er1 Ga2 Mo1 O6,FALSE
1413,Pr1 In1 Ga2 O6,FALSE
1414,Mg1 Co1 Ni2 O6,TRUE
1415,Co2 Tc1 Pb1 O6,FALSE
1416,Er1 In1 Ga2 O6,FALSE
1417,Sr1 V1 Ru2 O6,FALSE
1418,Pm1 V1 Ga2 O6,TRUE
1419,Yb1 Sm1 Ga2 O6,FALSE
1420,Tm1 Lu1 Ga2 O6,FALSE
1421,Pm1 Al2 Pd1 O6,FALSE
1422,Tm1 Hf1 Ga2 O6,FALSE
1423,Pr1 Ga2 Mo1 O6,FALSE
1424,Y1 Tl1 Ga2 O6,FALSE
1425,Tm1 In1 Ga2 O6,FALSE
1426,La1 Ti1 Al2 O6,FALSE
1427,Ba1 Sc2 Ru1 O6,FALSE
1428,Pm1 Ta1 Ga2 O6,FALSE
1429,Tb1 Sm1 Ga2 O6,FALSE
1430,Tb1 Sc1 Al2 O6,FALSE
1431,Pr1 Al1 Ga2 O6,FALSE
1432,Ho1 Lu1 Al2 O6,FALSE
1433,Pm1 Al2 Rh1 O6,FALSE
1434,Dy1 Lu1 Cr2 O6,TRUE
1435,Na1 Sm1 Ga2 O6,FALSE
1436,Nd1 Tm1 Al2 O6,FALSE
1437,Hf1 Ti1 Al2 O6,FALSE
1438,Er1 Al1 Ga2 O6,FALSE
1439,Pr1 Mg1 Mo2 O6,TRUE
1440,Yb1 Er1 Al2 O6,FALSE
1441,Sm1 Al2 In1 O6,FALSE
1442,Dy1 Ho2 V1 O6,FALSE
1443,Sm1 Al2 Ga1 O6,FALSE
1444,La1 Tm1 Ga2 O6,FALSE
1445,Er2 Tm1 V1 O6,FALSE
1446,Yb1 Tm1 Al2 O6,FALSE
1447,Dy1 Ho1 Al2 O6,FALSE
1448,Tm1 Al1 Ga2 O6,FALSE
1449,La1 Al2 V1 O6,TRUE
1450,Dy1 Ho1 Cr2 O6,TRUE
1451,Sm1 Tm2 V1 O6,FALSE
1452,Nd1 Ho1 Ga2 O6,FALSE
1453,La1 Al2 Pd1 O6,FALSE
1454,Hf1 Al2 V1 O6,FALSE
1455,Ce1 Ho1 Al2 O6,FALSE
1456,Sm1 Ho1 Al2 O6,FALSE
1457,Tb1 Ho1 Ga2 O6,FALSE
1458,Y1 Al2 V1 O6,TRUE
1459,Y1 Lu1 Cr2 O6,TRUE
1460,Ho1 V1 Ga2 O6,TRUE
1461,Lu1 Al2 Rh1 O6,FALSE
1462,Pr1 Ho1 Al2 O6,FALSE
1463,Gd1 Ho1 Al2 O6,FALSE
1464,Pm1 Tm1 Ga2 O6,FALSE
1465,Lu1 Al2 Pd1 O6,FALSE
1466,Dy1 Tl1 Ga2 O6,FALSE
1467,Y1 Nb1 Al2 O6,FALSE
1468,Tb1 Hf1 Co2 O6,TRUE
1469,Dy1 Sc1 Al2 O6,FALSE
1470,Pm1 Dy1 Ga2 O6,FALSE
1471,La1 Er1 Al2 O6,FALSE
1472,La1 Al2 Rh1 O6,FALSE
1473,La1 Ta1 Ga2 O6,FALSE
1474,Y1 Tm1 Al2 O6,FALSE
1475,Ce1 Hf1 V2 O6,TRUE
1476,Ho1 In1 Ga2 O6,FALSE
1477,Hf1 Al2 Cr1 O6,FALSE
1478,Pm1 Sc1 Al2 O6,FALSE
1479,La1 Lu1 Cr2 O6,TRUE
1480,Hf1 Cd1 Co2 O6,TRUE
1481,Nd1 Y1 Ga2 O6,FALSE
1482,Sm1 Eu1 Al2 O6,TRUE
1483,Ho1 Ga2 Mo1 O6,FALSE
1484,Dy1 Tm1 Ga2 O6,FALSE
1485,Cs1 Ta2 Mn1 O6,FALSE
1486,Y1 Al2 Pd1 O6,FALSE
1487,Pm1 Tl1 Ga2 O6,FALSE
1488,Pr1 Mn1 Fe2 O6,TRUE
1489,Dy1 Er1 Al2 O6,FALSE
1490,Sm1 Eu1 Cr2 O6,TRUE
1491,Lu1 Nb1 Al2 O6,FALSE
1492,Yb1 Ho1 Al2 O6,FALSE
1493,Ho1 Al1 Ga2 O6,FALSE
1494,Y1 Ta1 Ga2 O6,FALSE
1495,Y1 Al2 Rh1 O6,FALSE
1496,Eu1 Tm1 Ga2 O6,FALSE
1497,Pm1 Eu1 Ga2 O6,FALSE
1498,K1 Sm1 Ga2 O6,FALSE
1499,Eu1 Er1 Ga2 O6,FALSE
1500,Pr1 Hf1 V2 O6,TRUE
1501,La1 Nb1 Al2 O6,FALSE
1502,Hf1 V2 Co1 O6,TRUE
1503,Er1 Lu1 Al2 O6,FALSE
1504,Pr1 Dy1 Cr2 O6,TRUE
1505,Ce1 Pm1 Cr2 O6,TRUE
1506,Mg1 Fe1 Ni2 O6,TRUE
1507,Pm1 Nd1 Al2 O6,TRUE
1508,Tb1 Er1 Ga2 O6,FALSE
1509,La1 Tl1 Ga2 O6,FALSE
1510,Pr1 Er1 Al2 O6,FALSE
1511,Gd1 Tm1 Al2 O6,FALSE
1512,Pr1 Sm1 Al2 O6,TRUE
1513,Gd1 Er1 Al2 O6,FALSE
1514,Tb1 Hf1 Cr2 O6,TRUE
1515,Ce1 Pr1 Al2 O6,TRUE
1516,Dy1 Mg1 W2 O6,TRUE
1517,Nd1 Al2 Tl1 O6,FALSE
1518,Pm1 Tl1 Cr2 O6,TRUE
1519,La1 Pm1 Ga2 O6,FALSE
1520,Gd1 Ho1 Ga2 O6,FALSE
1521,Yb1 Y1 Al2 O6,FALSE
1522,Pm1 Lu1 Cr2 O6,TRUE
1523,Tb1 Pr1 Ga2 O6,FALSE
1524,Nd1 Er1 Ga2 O6,FALSE
1525,Ce1 Er1 Al2 O6,FALSE
1526,La1 Sc1 Al2 O6,FALSE
1527,Pr1 Gd1 Al2 O6,FALSE
1528,Sm1 Er1 Al2 O6,FALSE
1529,Pr1 Sm1 Ga2 O6,FALSE
1530,Tb1 Sm1 Al2 O6,FALSE
1531,Sc1 Al2 Mo1 O6,FALSE
1532,Er1 Sc1 Cr2 O6,TRUE
1533,La1 Ho1 Al2 O6,FALSE
1534,Lu1 Tl1 Ga2 O6,FALSE
1535,Tb1 Al2 Ga1 O6,FALSE
1536,Tb1 Al2 In1 O6,FALSE
1537,Tm1 Sc1 Cr2 O6,TRUE
1538,Er1 Al2 V1 O6,TRUE
1539,Sm1 Gd1 Ga2 O6,FALSE
1540,Tb1 Mg1 Fe2 O6,TRUE
1541,Pm1 Nb1 Al2 O6,FALSE
1542,Pr1 Mg1 Mn2 O6,TRUE
1543,Pr1 Ho1 Ni2 O6,TRUE
1544,Eu1 Y1 Ga2 O6,FALSE
1545,Lu1 Sc1 Al2 O6,FALSE
1546,Sm1 V1 Ru2 O6,FALSE
1547,Pm1 Lu1 Ga2 O6,FALSE
1548,La1 Y1 Cr2 O6,TRUE
1549,Tb1 Al2 Mo1 O6,TRUE
1550,Y1 Sc1 Al2 O6,FALSE
1551,La1 Pr1 Cr2 O6,TRUE
1552,Tb1 Y1 Ga2 O6,FALSE
1553,Er1 Al2 Rh1 O6,FALSE
1554,Nd1 Dy1 Ga2 O6,FALSE
1555,Y1 Ho1 Cr2 O6,TRUE
1556,Sm1 Dy1 Al2 O6,FALSE
1557,Pr1 Hf1 Fe2 O6,TRUE
1558,Pm1 Al1 Ga2 O6,FALSE
1559,Pr1 Al2 Rh1 O6,FALSE
1560,Yb1 Pm1 Al2 O6,TRUE
1561,Pr1 Ta1 Ga2 O6,FALSE
1562,Gd1 Dy1 Al2 O6,FALSE
1563,Mg1 Fe2 Ag1 O6,TRUE
1564,Pm1 Ga2 Mo1 O6,FALSE
1565,Tb1 Hf1 V2 O6,TRUE
1566,Zn1 Ni2 Pt1 O6,FALSE
1567,Ho1 Tl1 Ga2 O6,FALSE
1568,Pm1 Er1 Cr2 O6,TRUE
1569,Yb1 Mg1 W2 O6,TRUE
1570,Ta1 Co2 Pb1 O6,FALSE
1571,Y1 Lu1 Ga2 O6,FALSE
1572,Pm1 In1 Ga2 O6,FALSE
1573,Ho1 Sc1 Al2 O6,FALSE
1574,Pr1 Mg1 Cr2 O6,TRUE
1575,Dy1 Sc1 Cr2 O6,TRUE
1576,Dy1 Y1 Al2 O6,FALSE
1577,Tb1 Nb1 Ga2 O6,FALSE
1578,Er1 Al2 Pd1 O6,FALSE
1579,Hf1 Ti1 Ni2 O6,FALSE
1580,Pm1 Ho1 Ga2 O6,FALSE
1581,Hf1 Ti1 V2 O6,TRUE
1582,La1 Gd1 Ga2 O6,FALSE
1583,Lu1 In1 Ga2 O6,FALSE
1584,Y1 Sc1 Cr2 O6,TRUE
1585,Er1 Tm1 Ga2 O6,FALSE
1586,Sr1 Tb1 Al2 O6,FALSE
1587,Ce1 Mg1 Ni2 O6,TRUE
1588,La1 Al1 Ga2 O6,FALSE
1589,Gd1 Y1 Ga2 O6,FALSE
1590,Hf1 V2 Cu1 O6,TRUE
1591,Mg1 Zr1 Fe2 O6,TRUE
1592,Yb1 Nd1 Ga2 O6,FALSE
1593,Ho1 Nb1 Al2 O6,FALSE
1594,Sm1 Tm1 Al2 O6,FALSE
1595,Lu1 Al1 Ga2 O6,FALSE
1596,Yb1 Hf1 Al2 O6,FALSE
1597,Yb1 Pr1 Cr2 O6,TRUE
1598,Dy1 Lu1 Al2 O6,FALSE
1599,Tm1 Mg1 Ni2 O6,TRUE
1600,Y1 Er1 Al2 O6,FALSE
1601,Gd1 Y1 Al2 O6,FALSE
1602,La1 In1 Ga2 O6,FALSE
1603,Nd1 Tm1 Cr2 O6,TRUE
1604,Pr1 Y1 Ga2 O6,FALSE
1605,Dy1 Er2 V1 O6,FALSE
1606,La1 Er1 Cr2 O6,TRUE
1607,Hf1 Ti1 Cr2 O6,FALSE
1608,Nd1 Al2 Ga1 O6,FALSE
1609,Eu1 Dy1 Ga2 O6,FALSE
1610,Nd1 Al2 In1 O6,FALSE
1611,Hf1 Cr1 Co2 O6,TRUE
1612,Sc1 Al2 V1 O6,TRUE
1613,La1 Ga2 Mo1 O6,FALSE
1614,Sm1 Y1 Al2 O6,FALSE
1615,Lu1 Cr1 B2 O6,FALSE
1616,Nd1 Lu1 Ga2 O6,FALSE
1617,Nd1 Hf1 Ga2 O6,FALSE
1618,Tm1 Mg1 W2 O6,TRUE
1619,Pr1 Sm1 Cr2 O6,TRUE
1620,Sm1 Lu1 Al2 O6,FALSE
1621,Sm1 Hf1 Al2 O6,FALSE
1622,Pr1 Mg1 Co2 O6,TRUE
1623,Pm1 Ho1 Cr2 O6,TRUE
1624,Yb1 Mg1 Fe2 O6,TRUE
1625,Y1 Al1 Ga2 O6,FALSE
1626,Pm1 Y1 Ga2 O6,FALSE
1627,Tb1 Lu1 Ga2 O6,FALSE
1628,Ho1 Al2 Rh1 O6,FALSE
1629,Ta1 Cr2 Pb1 O6,TRUE
1630,La1 Sc1 Cr2 O6,TRUE
1631,Ho1 Cr1 B2 O6,FALSE
1632,Sm1 Al2 Tl1 O6,FALSE
1633,Pr1 Gd1 Cr2 O6,TRUE
1634,La1 Sm1 Al2 O6,TRUE
1635,Y1 Ga2 Mo1 O6,FALSE
1636,Tm1 Sc1 Al2 O6,FALSE
1637,Sr1 Pr1 Ga2 O6,FALSE
1638,Er1 Sc1 Al2 O6,FALSE
1639,Ho1 Al2 Pd1 O6,FALSE
1640,La1 Nd1 Ga2 O6,FALSE
1641,Ce1 Gd1 Cr2 O6,TRUE
1642,Pm1 Er1 Ga2 O6,FALSE
1643,Tb1 Nd1 Al2 O6,FALSE
1644,La1 Dy1 Al2 O6,FALSE
1645,Pr1 Tl1 Ga2 O6,FALSE
1646,Pr1 Nd1 Ga2 O6,FALSE
1647,Eu1 Dy1 Cr2 O6,TRUE
1648,Y1 Er1 Cr2 O6,TRUE
1649,Y1 In1 Ga2 O6,FALSE
1650,Pr1 Sc1 Al2 O6,FALSE
1651,La1 Gd1 Al2 O6,TRUE
1652,Nd1 Sm1 Ga2 O6,FALSE
1653,Tm1 Tl1 Ga2 O6,FALSE
1654,La1 Y1 Al2 O6,FALSE
1655,La1 Pr1 Al2 O6,TRUE
1656,Tb1 Tl1 Cr2 O6,TRUE
1657,Er1 Tl1 Ga2 O6,FALSE
1658,Pr1 Ho1 Mo2 O6,TRUE
1659,La1 Tb1 Ga2 O6,FALSE
1660,Nd1 Eu1 Al2 O6,TRUE
1661,Pr1 Al2 Cr1 O6,TRUE
1662,Dy1 In1 Ga2 O6,FALSE
1663,Pm1 Sc1 Cr2 O6,TRUE
1664,Hf1 Ti1 Co2 O6,FALSE
1665,La1 Lu1 Al2 O6,FALSE
1666,Er1 Nb1 Al2 O6,FALSE
1667,Hf1 V2 Cd1 O6,TRUE
1668,Tm1 Cr2 Pb1 O6,TRUE
1669,Y1 Ho1 Ga2 O6,FALSE
1670,Eu1 Tl1 Cr2 O6,TRUE
1671,La1 Ho1 Cr2 O6,TRUE
1672,Nd1 Eu1 Ga2 O6,FALSE
1673,La1 Eu1 Ga2 O6,FALSE
1674,Ho1 Tm1 Ga2 O6,FALSE
1675,Pr1 Nb1 Al2 O6,FALSE
1676,Zn1 Co2 Pt1 O6,TRUE
1677,Pm1 Cr1 B2 O6,FALSE
1678,Yb1 Dy1 Al2 O6,FALSE
1679,Dy1 Al1 Ga2 O6,FALSE
1680,Yb1 Ho1 Cr2 O6,TRUE
1681,Tb1 Pm1 Ga2 O6,FALSE
1682,Pm1 Pr1 Al2 O6,TRUE
1683,Eu1 Mg1 Mn2 O6,TRUE
1684,Sc1 Ta1 Al2 O6,FALSE
1685,Ho1 Er1 Al2 O6,FALSE
1686,Hf1 V2 Cr1 O6,TRUE
1687,Er1 Lu1 Cr2 O6,TRUE
1688,Eu1 Hf1 Ga2 O6,FALSE
1689,Tm1 Lu1 Cr2 O6,TRUE
1690,Eu1 Lu1 Ga2 O6,FALSE
1691,Ce1 Pm1 Al2 O6,TRUE
1692,Tb1 Ta1 Al2 O6,FALSE
1693,Pr1 Dy1 Al2 O6,FALSE
1694,Pm1 Sm1 Al2 O6,TRUE
1695,Tb1 Ga2 Rh1 O6,FALSE
1696,Mg1 Cr1 Ni2 O6,TRUE
1697,Y1 V1 Ga2 O6,TRUE
1698,Tb1 Eu1 Ga2 O6,FALSE
1699,Tb1 Ho1 Al2 O6,FALSE
1700,Lu1 Ta1 Al2 O6,FALSE
1701,Pr1 Ho1 Ga2 O6,FALSE
1702,Ho1 Al2 V1 O6,TRUE
1703,Sm1 Ho1 Ga2 O6,FALSE
1704,Nd1 Ho1 Al2 O6,FALSE
1705,La1 Ga2 Rh1 O6,FALSE
1706,La1 Er1 Ga2 O6,FALSE
1707,Pm1 Dy1 Al2 O6,FALSE
1708,Y1 Tm1 Ga2 O6,FALSE
1709,La1 Ta1 Al2 O6,FALSE
1710,Gd1 Tm1 Ga2 O6,FALSE
1711,Yb1 Lu1 Cr2 O6,TRUE
1712,Pr1 Hf1 Ni2 O6,TRUE
1713,Y1 Nb1 Ga2 O6,FALSE
1714,Pm1 Tm1 Al2 O6,FALSE
1715,Tm1 Al2 Ga1 O6,FALSE
1716,Tm1 Al2 In1 O6,FALSE
1717,Tb1 Sc1 Cr2 O6,TRUE
1718,Yb1 Co2 Pb1 O6,TRUE
1719,Er1 Al2 Ga1 O6,FALSE
1720,Er1 Al2 In1 O6,FALSE
1721,Pr1 Al2 Mo1 O6,TRUE
1722,Tm1 Hf1 Al2 O6,FALSE
1723,Tm1 Lu1 Al2 O6,FALSE
1724,Yb1 Sm1 Al2 O6,TRUE
1725,Pm1 Al2 V1 O6,TRUE
1726,Sm1 Al1 Ga2 O6,FALSE
1727,Pr1 Mg1 Fe2 O6,TRUE
1728,Er1 Al2 Mo1 O6,TRUE
1729,Nd1 Mg1 Ni2 O6,TRUE
1730,Pr1 Al2 In1 O6,FALSE
1731,Er1 Tm1 Cr2 O6,TRUE
1732,Pr1 Al2 Ga1 O6,FALSE
1733,Eu1 Ho1 Al2 O6,FALSE
1734,La1 Tm1 Al2 O6,FALSE
1735,La1 V1 Ga2 O6,TRUE
1736,Dy1 Ho1 Ga2 O6,FALSE
1737,Yb1 Tm1 Ga2 O6,FALSE
1738,Y1 Tl1 Cr2 O6,TRUE
1739,Tm1 Cr1 B2 O6,FALSE
1740,Ho2 Lu1 V1 O6,FALSE
1741,Yb1 Er1 Ga2 O6,FALSE
1742,Tb1 Gd1 Al2 O6,FALSE
1743,Sm1 In1 Ga2 O6,FALSE
1744,Nd1 Tm1 Ga2 O6,FALSE
1745,Tb1 Nd1 Ga2 O6,FALSE
1746,Pm1 Ta1 Al2 O6,FALSE
1747,Pr1 Hf1 Cr2 O6,TRUE
1748,Pm1 Ga2 Rh1 O6,FALSE
1749,Ho1 Lu1 Ga2 O6,FALSE
1750,Sm1 Er1 Ga2 O6,FALSE
1751,V2 Zn1 Pt1 O6,TRUE
1752,Pr1 Gd1 Ga2 O6,FALSE
1753,Pm1 Y1 Cr2 O6,TRUE
1754,Nd1 Er1 Al2 O6,FALSE
1755,Tb1 Pr1 Al2 O6,FALSE
1756,La1 Pm1 Al2 O6,TRUE
1757,Gd1 Er1 Ga2 O6,FALSE
1758,Tb1 Al1 Ga2 O6,FALSE
1759,Nd1 Sc1 Al2 O6,FALSE
1760,Tb1 Tm1 Al2 O6,FALSE
1761,Tb1 Er1 Al2 O6,FALSE
1762,Pm1 Nd1 Ga2 O6,FALSE
1763,Pr1 Nd1 Al2 O6,TRUE
1764,Pr1 Er1 Ga2 O6,FALSE
1765,La1 Al2 Tl1 O6,FALSE
1766,Tb1 Y1 Al2 O6,FALSE
1767,Tb1 Ga2 Mo1 O6,FALSE
1768,Pr1 Pm1 Cr2 O6,TRUE
1769,Ce1 Sm1 Al2 O6,FALSE
1770,Ce1 Nd1 Cr2 O6,TRUE
1771,Mg1 Ag1 W2 O6,TRUE
1772,La1 Nd1 Cr2 O6,TRUE
1773,Tb1 In1 Ga2 O6,FALSE
1774,Lu1 Nb1 Ga2 O6,FALSE
1775,Mg1 Ti1 Ni2 O6,FALSE
1776,Lu1 Al2 Tl1 O6,FALSE
1777,La1 Ho1 Ga2 O6,FALSE
1778,Pm1 Nb1 Ga2 O6,FALSE
1779,Sm1 Gd1 Al2 O6,FALSE
1780,Eu1 Ho1 Ga2 O6,FALSE
1781,Er1 V1 Ga2 O6,TRUE
1782,Hf1 Co2 Cu1 O6,FALSE
1783,Pm1 Al2 Tl1 O6,FALSE
1784,Yb1 Cr1 B2 O6,FALSE
1785,Dy1 Er1 Ga2 O6,FALSE
1786,Pr1 Hf1 Co2 O6,TRUE
1787,Ho1 Al2 Mo1 O6,TRUE
1788,Pm1 Gd1 Ga2 O6,FALSE
1789,Dy1 Tl1 Cr2 O6,TRUE
1790,Dy1 Tm1 Al2 O6,FALSE
1791,Sm1 Dy1 Cr2 O6,TRUE
1792,Sm1 Eu1 Ga2 O6,FALSE
1793,Nd1 Y1 Al2 O6,FALSE
1794,Ho1 Al2 Ga1 O6,FALSE
1795,Ho1 Al2 In1 O6,FALSE
1796,Dy1 Hf1 Ga2 O6,FALSE
1797,Pr1 Eu1 Al2 O6,TRUE
1798,La1 Nb1 Ga2 O6,FALSE
1799,Pm1 Nd1 Cr2 O6,TRUE
1800,Lu1 Al2 V1 O6,TRUE
1801,Er1 Lu1 Ga2 O6,FALSE
1802,Eu1 Er1 Al2 O6,FALSE
1803,Ce1 Hf1 Co2 O6,FALSE
1804,Mg1 Co1 W2 O6,TRUE
1805,Y1 Ta1 Al2 O6,FALSE
1806,Yb1 Ho1 Ga2 O6,FALSE
1807,Yb1 Cr2 Pb1 O6,TRUE
1808,Eu1 Tm1 Al2 O6,FALSE
1809,Y1 Ga2 Rh1 O6,FALSE
1810,Lu1 V1 B2 O6,FALSE
1811,Eu1 Tm1 Cr2 O6,TRUE
1812,Sm1 Cr1 B2 O6,FALSE
1813,Er1 Cr1 B2 O6,FALSE
1814,Sm1 Lu1 Cr2 O6,TRUE
1815,Nd1 Y1 Cr2 O6,TRUE
1816,Lu1 Tl1 Cr2 O6,TRUE
1817,Cs1 Rb1 Ta2 O6,FALSE
1818,Nd1 Dy1 Cr2 O6,TRUE
1819,Sm1 Al2 Rh1 O6,FALSE
1820,Y1 Cr1 B2 O6,FALSE
1821,La1 Pm1 Cr2 O6,TRUE
1822,Tb1 Er1 Cr2 O6,TRUE
1823,Pr1 Nd1 Cr2 O6,TRUE
1824,Ce1 Sm1 Cr2 O6,TRUE
1825,Yb1 Tb1 Cr2 O6,TRUE
1826,La1 Yb1 Cr2 O6,TRUE
1827,Pr1 Er1 Cr2 O6,TRUE
1828,Sm1 Tm1 Cr2 O6,TRUE
1829,Ce1 Er1 Cr2 O6,TRUE
1830,Sm1 Y1 Cr2 O6,TRUE
1831,Tm1 Tl1 Cr2 O6,TRUE
1832,K1 Na1 Ta2 O6,TRUE
1833,Yb1 Pm1 Cr2 O6,TRUE
1834,Yb1 Eu1 Cr2 O6,TRUE
1835,Ho1 Sc1 Cr2 O6,TRUE
1836,Ce1 Dy1 Cr2 O6,TRUE
1837,Ce1 Ho1 Cr2 O6,TRUE
1838,Ho1 Er1 Cr2 O6,TRUE
1839,Yb1 Dy1 Cr2 O6,TRUE
1840,Dy1 Tm1 Cr2 O6,TRUE
1841,Cr1 In1 B2 O6,FALSE
1842,Dy1 Er1 Cr2 O6,TRUE
1843,Tb1 Cr1 B2 O6,FALSE
1844,Pr1 Ho1 Cr2 O6,TRUE
1845,Pm1 Sm1 Cr2 O6,TRUE
1846,Nd1 Cr1 B2 O6,FALSE
1847,Yb1 Y1 Cr2 O6,TRUE
1848,La1 Sm1 Cr2 O6,TRUE
1849,Rb1 K1 Ta2 O6,TRUE
1850,Tb1 Nd1 Cr2 O6,TRUE
1851,Tm1 V1 B2 O6,FALSE
1852,Y1 Dy1 Cr2 O6,TRUE
1853,Ho1 Lu1 Cr2 O6,TRUE
1854,Cs1 K1 Ta2 O6,FALSE
1855,Yb1 Er1 Cr2 O6,TRUE
1856,Yb1 Tm1 Cr2 O6,TRUE
1857,Pm1 Dy1 Cr2 O6,TRUE
1858,Ce1 Pr1 Cr2 O6,TRUE
1859,Eu1 Ho1 Cr2 O6,TRUE
1860,Nd1 Tl1 Cr2 O6,TRUE
1861,Lu1 Sc1 Cr2 O6,TRUE
1862,V1 In1 B2 O6,FALSE
1863,La1 Dy1 Cr2 O6,TRUE
1864,Ce1 Lu1 Cr2 O6,TRUE
1865,Pr1 Lu1 Cr2 O6,TRUE
1866,Eu1 Sc1 Cr2 O6,TRUE
1867,Ce1 Cr1 B2 O6,FALSE
1868,Tb1 Dy1 Cr2 O6,TRUE
1869,Yb1 Gd1 Cr2 O6,TRUE
1870,Yb1 Nd1 Cr2 O6,TRUE
1871,Pr1 Tm1 Cr2 O6,TRUE
1872,Pr1 Y1 Cr2 O6,TRUE
1873,Sr1 Ca1 Hf2 O6,FALSE
1874,Er1 Tl1 Cr2 O6,TRUE
1875,Sm1 Er1 Cr2 O6,TRUE
1876,Tb1 Y1 Cr2 O6,TRUE
1877,Ce1 Tm1 Cr2 O6,TRUE
1878,Pm1 Eu1 Cr2 O6,TRUE
1879,Sm1 Sc1 Cr2 O6,TRUE
1880,Ba1 Sr1 Hf2 O6,TRUE
1881,La1 Tb1 Cr2 O6,TRUE
1882,Nd1 Sm1 Cr2 O6,TRUE
1883,Rb1 Na1 Ta2 O6,TRUE
1884,Nd1 Lu1 Cr2 O6,TRUE
1885,La1 Eu1 Cr2 O6,TRUE
1886,Nd1 Eu1 Cr2 O6,TRUE
1887,Ho1 Tl1 Cr2 O6,TRUE
1888,Ho1 Tm1 Cr2 O6,TRUE
1889,Sm1 Ho1 Cr2 O6,TRUE
1890,Tb1 Pm1 Cr2 O6,TRUE
1891,Cs1 Pr1 V1 In1 O6,TRUE
1892,Cs1 K1 Ge1 W1 O6,TRUE
1893,Cs1 Ce1 In1 W1 O6,TRUE
1894,Ba1 Cr1 In1 Au1 O6,TRUE
1895,K1 Ba1 Mn1 In1 O6,TRUE
1896,Ba1 Li1 In1 W1 O6,TRUE
1897,K1 Ba1 Cr1 In1 O6,TRUE
1898,Sr1 Nd1 In1 Fe1 O6,TRUE
1899,Cs1 K1 Bi1 W1 O6,TRUE
1900,Cs1 Dy1 Mn1 W1 O6,TRUE
1901,Cs1 Tm1 In1 W1 O6,TRUE
1902,La1 Pm1 In1 B1 O6,FALSE
1903,Cs1 Lu1 Mn1 W1 O6,TRUE
1904,Pm1 Sm1 Al1 Se1 O6,FALSE
1905,Cs1 Sm1 Al1 In1 O6,FALSE
1906,Cs1 Er1 In1 W1 O6,TRUE
1907,K1 Ce1 Rh1 W1 O6,TRUE
1908,Tb1 Pm1 Nd1 B1 O6,FALSE
1909,Pr1 Nb1 Al1 Ga1 O6,FALSE
1910,Cs1 Pr1 In1 W1 O6,TRUE
1911,La1 Pr1 B1 Mo1 O6,FALSE
1912,La1 Pm1 Al1 B1 O6,FALSE
1913,Cs1 Sm1 Ga1 Ge1 O6,FALSE
1914,La1 Nd1 Mn1 Ga1 O6,TRUE
1915,Cs1 Ca1 Cr1 In1 O6,TRUE
1916,Pr1 Nd1 Al1 Ge1 O6,FALSE
1917,Cs1 Ba1 Cr1 In1 O6,TRUE
1918,Cs1 Ba1 Mn1 In1 O6,TRUE
1919,La1 Er1 B1 Mo1 O6,FALSE
1920,Nd1 Sm1 Al1 Ge1 O6,FALSE
1921,La1 Tm1 B1 Mo1 O6,FALSE
1922,Sm1 Ho1 B1 Mo1 O6,FALSE
1923,Cs1 Ba1 Dy1 W1 O6,TRUE
1924,Ba1 Na1 Mn1 In1 O6,TRUE
1925,La1 Eu1 Al1 B1 O6,FALSE
1926,La1 Dy1 V1 B1 O6,TRUE
1927,Ba1 Na1 Cr1 In1 O6,TRUE
1928,Cs1 Nb1 In1 W1 O6,FALSE
1929,Cs1 Sr1 Dy1 W1 O6,TRUE
1930,Ba1 Sm1 Cr1 In1 O6,TRUE
1931,Cs1 K1 Ru1 W1 O6,FALSE
1932,Li1 Nd1 In1 W1 O6,TRUE
1933,Cs1 Ce1 Cd1 W1 O6,TRUE
1934,Ba1 Cr1 In1 Pd1 O6,TRUE
1935,Cs1 Tb1 Nd1 Mn1 O6,TRUE
1936,Ba1 Sr1 Cr1 In1 O6,TRUE
1937,Ba1 Sr1 Mn1 In1 O6,TRUE
1938,Nd1 Sm1 Al1 Se1 O6,FALSE
1939,Cs1 Sr1 Ho1 Re1 O6,FALSE
1940,Pr1 Nd1 Al1 Se1 O6,FALSE
1941,Nd1 In1 Fe1 Au1 O6,TRUE
1942,K1 Ce1 Ru1 W1 O6,TRUE
1943,Nd1 Sm1 Al1 Ga1 O6,FALSE
1944,Ba1 Mn1 In1 Re1 O6,FALSE
1945,Pr1 Nd1 Al1 Ga1 O6,FALSE
1946,Cs1 Ca1 Dy1 W1 O6,TRUE
1947,La1 Dy1 B1 Mo1 O6,FALSE
1948,Cs1 Ho1 In1 W1 O6,TRUE
1949,Cs1 Na1 Ce1 W1 O6,TRUE
1950,Cs1 Ca1 Er1 Re1 O6,FALSE
1951,La1 Ho1 B1 Mo1 O6,FALSE
1952,Tb1 Sm1 B1 Mo1 O6,FALSE
1953,Cs1 In1 Pd1 W1 O6,TRUE
1954,Ba1 Tb1 Mn1 Tl1 O6,TRUE
1955,K1 Ce1 Ge1 W1 O6,TRUE
1956,Cs1 In1 Bi1 W1 O6,TRUE
1957,Cs1 Nd1 In1 Fe1 O6,TRUE
1958,Pm1 Dy1 B1 Mo1 O6,FALSE
1959,Pm1 Sm1 Al1 Ge1 O6,FALSE
1960,K1 Ba1 Dy1 W1 O6,TRUE
1961,Pr1 Sm1 B1 Mo1 O6,FALSE
1962,Cs1 In1 Sn1 W1 O6,TRUE
1963,Pm1 Sm1 Al1 B1 O6,FALSE
1964,K1 Sr1 Pm1 W1 O6,TRUE
1965,K1 Ce1 Bi1 W1 O6,TRUE
1966,Cs1 In1 Sb1 W1 O6,TRUE
1967,Na1 Ce1 Pr1 W1 O6,TRUE
1968,K1 In1 Pd1 W1 O6,TRUE
1969,La1 Dy1 Si1 Mo1 O6,FALSE
1970,Cs1 In1 B1 W1 O6,FALSE
1971,La1 Sm1 Al1 B1 O6,FALSE
1972,Cs1 Ce1 Dy1 W1 O6,TRUE
1973,Cs1 Nd1 In1 W1 O6,TRUE
1974,Cs1 Nd1 V1 In1 O6,TRUE
1975,K1 Pr1 Tl1 W1 O6,TRUE
1976,Cs1 V1 In1 W1 O6,TRUE
1977,K1 Ce1 Pt1 W1 O6,TRUE
1978,Cs1 Mn1 In1 W1 O6,TRUE
1979,Sr1 Ca1 V1 Pb1 O6,TRUE
1980,Cs1 In1 Rh1 W1 O6,TRUE
1981,K1 Tb1 Pr1 W1 O6,TRUE
1982,K1 Hf1 In1 W1 O6,TRUE
1983,Pm1 Nd1 Al1 Ge1 O6,FALSE
1984,Cs1 Rb1 Ru1 W1 O6,FALSE
1985,Cs1 Pr1 In1 Fe1 O6,TRUE
1986,K1 Pr1 Mn1 In1 O6,TRUE
1987,Cs1 In1 Pt1 W1 O6,TRUE
1988,Cs1 Sm1 In1 Si1 O6,FALSE
1989,Cs1 Sr1 In1 W1 O6,TRUE
1990,La1 Nd1 B1 Mo1 O6,FALSE
1991,Cs1 V1 In1 Pt1 O6,TRUE
1992,Cs1 K1 Pr1 W1 O6,TRUE
1993,Cs1 Ba1 In1 W1 O6,TRUE
1994,Cs1 In1 Fe1 Rh1 O6,FALSE
1995,Cs1 In1 Co1 W1 O6,TRUE
1996,La1 Sm1 In1 B1 O6,FALSE
1997,Ba1 Nd1 Si1 Ge1 O6,FALSE
1998,Cs1 Ca1 Yb1 W1 O6,TRUE
1999,Pm1 Nd1 Al1 Se1 O6,FALSE
2000,Pr1 Nd1 Al1 B1 O6,FALSE
2001,Cs1 Pm1 Tl1 W1 O6,TRUE
2002,Rb1 Ce1 Ru1 W1 O6,TRUE
2003,K1 In1 Pb1 W1 O6,TRUE
2004,K1 Tb1 Pm1 W1 O6,TRUE
2005,Cs1 In1 Pb1 W1 O6,TRUE
2006,K1 Mn1 Be1 In1 O6,FALSE
2007,Cs1 Pr1 In1 Ge1 O6,FALSE
2008,Cs1 Ca1 In1 W1 O6,TRUE
2009,Sm1 Dy1 B1 Mo1 O6,FALSE
2010,K1 Ce1 Pr1 W1 O6,TRUE
2011,Nd1 Sm1 B1 Mo1 O6,FALSE
2012,K1 Pm1 Tl1 W1 O6,TRUE
2013,La1 Pr1 Al1 Ga1 O6,FALSE
2014,La1 Nd1 In1 Co1 O6,TRUE
2015,Pr1 Pm1 B1 Mo1 O6,FALSE
2016,La1 Tb1 B1 Mo1 O6,FALSE
2017,K1 In1 Os1 W1 O6,FALSE
2018,K1 Ce1 Mg1 W1 O6,TRUE
2019,Ba1 Nd1 Cr1 In1 O6,TRUE
2020,La1 Dy1 Co1 B1 O6,FALSE
2021,Sr1 Pr1 Al1 Ga1 O6,FALSE
2022,Tb1 Lu1 B1 Mo1 O6,FALSE
2023,K1 Ba1 In1 W1 O6,TRUE
2024,Pr1 Ta1 Al1 Ga1 O6,FALSE
2025,Cs1 K1 Pt1 W1 O6,TRUE
2026,Pr1 Sm1 Al1 Ge1 O6,FALSE
2027,La1 Nd1 In1 Ni1 O6,TRUE
2028,Cs1 In1 Fe1 Re1 O6,FALSE
2029,La1 Tm1 V1 B1 O6,TRUE
2030,Nd1 Mn1 In1 Au1 O6,TRUE
2031,Tb1 Ho1 B1 Mo1 O6,FALSE
2032,Ba1 Tl1 Cr1 In1 O6,TRUE
2033,Pr1 Nd1 Mn1 Al1 O6,TRUE
2034,La1 Sm1 B1 Mo1 O6,FALSE
2035,K1 In1 Ga1 W1 O6,TRUE
2036,Cs1 Sm1 In1 B1 O6,FALSE
2037,K1 In1 Rh1 W1 O6,TRUE
2038,La1 Nd1 In1 B1 O6,FALSE
2039,Nd1 Ho1 B1 Mo1 O6,FALSE
2040,Cs1 Ca1 Eu1 W1 O6,TRUE
2041,Pm1 Nd1 Al1 Si1 O6,FALSE
2042,Nd1 Sm1 Mn1 In1 O6,TRUE
2043,Cs1 Sm1 In1 W1 O6,TRUE
2044,La1 Nd1 Al1 Cu1 O6,FALSE
2045,K1 Pm1 Dy1 W1 O6,TRUE
2046,Ba1 Na1 In1 W1 O6,TRUE
2047,La1 Nd1 Al1 B1 O6,FALSE
2048,Cs1 Cd1 In1 W1 O6,TRUE
2049,Cs1 Nd1 Cr1 In1 O6,TRUE
2050,Cs1 Sm1 V1 In1 O6,TRUE
2051,Cs1 Ba1 Al1 Re1 O6,FALSE
2052,Cs1 Mn1 In1 Pd1 O6,TRUE
2053,K1 In1 Re1 Pb1 O6,FALSE
2054,Ba1 Na1 Tb1 Mn1 O6,TRUE
2055,Cs1 Ce1 Tl1 W1 O6,TRUE
2056,Cs1 Sm1 In1 Fe1 O6,TRUE
2057,Cs1 Sc1 In1 W1 O6,TRUE
2058,Cs1 In1 Ga1 W1 O6,TRUE
2059,Nd1 Tl1 In1 Fe1 O6,TRUE
2060,K1 Ba1 In1 Fe1 O6,TRUE
2061,Sr1 Nd1 Cr1 In1 O6,TRUE
2062,Tb1 Pr1 B1 Mo1 O6,FALSE
2063,Nd1 Er1 B1 Mo1 O6,FALSE
2064,Sr1 Nd1 Mn1 In1 O6,TRUE
2065,Cs1 In1 Ru1 W1 O6,TRUE
2066,K1 Pr1 Dy1 W1 O6,TRUE
2067,Cs1 Ba1 Tb1 Mn1 O6,TRUE
2068,Tb1 Tm1 B1 Mo1 O6,FALSE
2069,Cs1 Pr1 Tl1 W1 O6,TRUE
2070,K1 In1 Ru1 W1 O6,TRUE
2071,Pm1 Nd1 Al1 B1 O6,FALSE
2072,K1 In1 Ge1 W1 O6,TRUE
2073,Sm1 In1 Fe1 Au1 O6,TRUE
2074,Cs1 Pm1 Mn1 In1 O6,TRUE
2075,K1 Dy1 Mg1 W1 O6,TRUE
2076,Cs1 Pm1 Cr1 In1 O6,TRUE
2077,Cs1 Rb1 Tb1 W1 O6,TRUE
2078,Tb1 Tm1 V1 B1 O6,TRUE
2079,La1 Pm1 Al1 Cu1 O6,FALSE
2080,Cs1 Sr1 Eu1 W1 O6,TRUE
2081,K1 In1 Bi1 W1 O6,TRUE
2082,Na1 Pm1 Mn1 In1 O6,TRUE
2083,Ba1 Na1 In1 Fe1 O6,TRUE
2084,Nd1 Dy1 B1 Mo1 O6,FALSE
2085,Cs1 Mg1 In1 W1 O6,TRUE
2086,Pr1 Sm1 Al1 Si1 O6,FALSE
2087,Cs1 Tb1 Sm1 Mn1 O6,TRUE
2088,Pr1 Pm1 Al1 B1 O6,FALSE
2089,K1 Ba1 Tb1 Mn1 O6,TRUE
2090,Cs1 Sm1 Al1 Ga1 O6,FALSE
2091,Nd1 Sm1 Al1 B1 O6,FALSE
2092,Cs1 K1 Os1 W1 O6,FALSE
2093,K1 Ho1 In1 W1 O6,TRUE
2094,Sr1 Pr1 Mn1 In1 O6,TRUE
2095,Cs1 Pm1 In1 W1 O6,TRUE
2096,La1 Pr1 In1 B1 O6,FALSE
2097,K1 Ce1 Pd1 W1 O6,TRUE
2098,La1 Ce1 In1 B1 O6,FALSE
2099,Cs1 In1 Ge1 W1 O6,TRUE
2100,Ba1 Tb1 Ru1 Au1 O6,FALSE
2101,Cs1 Eu1 In1 W1 O6,TRUE
2102,Cs1 Pm1 V1 In1 O6,TRUE
2103,Cs1 Ca1 Tl1 W1 O6,TRUE
2104,K1 In1 Pt1 W1 O6,TRUE
2105,K1 Ta1 In1 Pb1 O6,FALSE
2106,K1 Pm1 In1 W1 O6,TRUE
2107,Cs1 Sr1 In1 Re1 O6,FALSE
2108,La1 Ce1 Al1 B1 O6,FALSE
2109,Cs1 K1 Pb1 W1 O6,TRUE
2110,Nd1 Sm1 Al1 Si1 O6,FALSE
2111,Cs1 Ca1 Tb1 W1 O6,TRUE
2112,Ba1 Mn1 Be1 In1 O6,FALSE
2113,Pr1 Nd1 Al1 Si1 O6,FALSE
2114,Tb1 Lu1 Cr1 B1 O6,TRUE
2115,Sr1 Pr1 Mn1 Al1 O6,TRUE
2116,Cs1 In1 Ni1 W1 O6,TRUE
2117,Cs1 Y1 V1 Pb1 O6,TRUE
2118,K1 Ba1 Tl1 W1 O6,TRUE
2119,Cs1 In1 Fe1 W1 O6,TRUE
2120,La1 Pm1 B1 Mo1 O6,FALSE
2121,Cs1 Dy1 Cd1 W1 O6,TRUE
2122,Cs1 Mn1 Be1 In1 O6,FALSE
2123,Cs1 Hf1 In1 W1 O6,FALSE
2124,La1 Pr1 Al1 B1 O6,FALSE
2125,K1 Ce1 Pb1 W1 O6,TRUE
2126,Ce1 Pr1 Al1 Ga1 O6,FALSE
2127,Cs1 Sr1 Tb1 W1 O6,TRUE
2128,Rb1 In1 Ru1 W1 O6,TRUE
2129,Ba1 Sr1 V1 In1 O6,TRUE
2130,Cs1 Ba1 Tb1 W1 O6,TRUE
2131,Cs1 Nd1 Tl1 W1 O6,TRUE
2132,K1 Gd1 In1 W1 O6,TRUE
2133,K1 Pr1 In1 W1 O6,TRUE
2134,Ba1 Sr1 In1 W1 O6,TRUE
2135,Cs1 Sr1 Ce1 W1 O6,TRUE
2136,K1 Mg1 In1 W1 O6,TRUE
2137,Cs1 Pr1 Mn1 In1 O6,TRUE
2138,Cs1 Pr1 Cr1 In1 O6,TRUE
2139,Tb1 Lu1 V1 B1 O6,TRUE
2140,Ba1 Li1 In1 Os1 O6,FALSE
2141,K1 Ce1 Os1 W1 O6,FALSE
2142,Ba1 Mn1 In1 Rh1 O6,TRUE
2143,Pr1 Dy1 B1 Mo1 O6,FALSE
2144,Pr1 Sm1 Al1 B1 O6,FALSE
2145,Cs1 Dy1 Mg1 W1 O6,TRUE
2146,Cs1 In1 Si1 W1 O6,TRUE
2147,Cs1 Sr1 Tl1 W1 O6,TRUE
2148,Cs1 In1 Fe1 W1 O6,TRUE
2149,K1 Ba1 Ce1 W1 O6,TRUE
2150,Pm1 Sm1 Al1 Si1 O6,FALSE
2151,Cs1 Sr1 Tb1 Nb1 O6,FALSE
2152,Cs1 Mn1 In1 Rh1 O6,FALSE
2153,Cs1 Ba1 Tl1 W1 O6,TRUE
2154,Na1 Pr1 Mn1 In1 O6,TRUE
2155,La1 Pr1 Al1 Cu1 O6,FALSE
2156,Ba1 Sr1 Hf1 Zr1 O6,TRUE
2157,Sr1 Li1 In1 W1 O6,TRUE
2158,Cs1 Er1 V1 In1 O6,TRUE
2159,Cs1 Tb1 Mg1 V1 O6,TRUE
2160,Cs1 K1 Tb1 W1 O6,TRUE
2161,Cs1 Ba1 Zr1 W1 O6,TRUE
2162,Ba1 Na1 Sc1 W1 O6,TRUE
2163,Cs1 Ba1 Y1 Re1 O6,FALSE
2164,Cs1 Sr1 Y1 Re1 O6,FALSE
2165,Cs1 Dy1 V1 Pb1 O6,TRUE
2166,Cs1 Al1 Sn1 W1 O6,TRUE
2167,Cs1 Ca1 Y1 Re1 O6,FALSE
2168,Ba1 Na1 Tb1 W1 O6,TRUE
2169,Cs1 V1 In1 Sn1 O6,TRUE
2170,Cs1 V1 In1 Bi1 O6,TRUE
2171,Cs1 Sr1 Al1 W1 O6,TRUE
2172,Cs1 K1 Tb1 Re1 O6,FALSE
2173,Cs1 Zr1 Nb1 Pb1 O6,FALSE
2174,Cs1 Ba1 Al1 W1 O6,TRUE
2175,Cs1 Ba1 Yb1 W1 O6,TRUE
2176,Cs1 Sr1 Yb1 W1 O6,TRUE
2177,Na1 Sr1 Mn1 W1 O6,TRUE
2178,Cs1 Sr1 Tb1 Re1 O6,FALSE
2179,Cs1 Ca1 Y1 W1 O6,TRUE
2180,Cs1 Pm1 Tl1 V1 O6,TRUE
2181,K1 Ba1 Yb1 W1 O6,TRUE
2182,Cs1 Al1 Pb1 W1 O6,TRUE
2183,Cs1 Ca1 Al1 W1 O6,TRUE
2184,Cs1 Al1 V1 Pb1 O6,TRUE
2185,Cs1 Tb1 V1 Ge1 O6,TRUE
2186,Cs1 Ba1 In1 Re1 O6,FALSE
2187,Cs1 Ca1 Yb1 Re1 O6,FALSE
2188,Ba1 Na1 B1 W1 O6,TRUE
2189,Ba1 Na1 Al1 W1 O6,TRUE
2190,Cs1 Ca1 Al1 Re1 O6,FALSE
2191,Na1 Mn1 Al1 W1 O6,TRUE
2192,Cs1 Ba1 Zr1 Ta1 O6,FALSE
2193,K1 Ba1 Zr1 Ta1 O6,TRUE
2194,Sr1 Li1 Er1 W1 O6,TRUE
2195,Sr1 Li1 Tb1 W1 O6,TRUE
2196,Cs1 Ca1 Lu1 Re1 O6,FALSE
2197,Cs1 Ba1 Dy1 Re1 O6,FALSE
2198,K1 Ba1 Tb1 W1 O6,TRUE
2199,Cs1 Sr1 Y1 W1 O6,TRUE
2200,K1 Ba1 Er1 W1 O6,TRUE
2201,Cs1 Hf1 V1 In1 O6,FALSE
2202,Cs1 Al1 Ge1 W1 O6,TRUE
2203,Cs1 Ca1 Gd1 Re1 O6,FALSE
2204,Sr1 Li1 Y1 W1 O6,TRUE
2205,Cs1 Ca1 Er1 W1 O6,TRUE
2206,Sr1 Mn1 Al1 V1 O6,TRUE
2207,Ba1 Tb1 Rh1 Au1 O6,FALSE
2208,Cs1 Y1 Pb1 W1 O6,TRUE
2209,Cs1 Sr1 Tb1 V1 O6,TRUE
2210,Cs1 Sr1 Er1 W1 O6,TRUE
2211,K1 Ba1 Sc1 W1 O6,TRUE
2212,Ba1 Na1 Tm1 W1 O6,TRUE
2213,K1 Ba1 Y1 W1 O6,TRUE
2214,Ba1 Na1 As1 W1 O6,TRUE
2215,Li1 Mg1 Al1 W1 O6,TRUE
2216,Ba1 Pm1 Ho1 Se1 O6,FALSE
2217,Ba1 Pr1 Nb1 Si1 O6,FALSE
2218,Ba1 Pm1 Ga1 Se1 O6,FALSE
2219,Ba1 Pr1 Sc1 Se1 O6,FALSE
2220,Ba1 Pm1 Sc1 Se1 O6,FALSE
2221,Rb1 Ba1 Sc1 Se1 O6,FALSE
2222,Rb1 Ba1 Ta1 As1 O6,FALSE
2223,Ca1 La1 Si1 B1 O6,FALSE
2224,Ba1 Pr1 Ga1 Se1 O6,FALSE
2225,Ba1 Pr1 Ho1 Se1 O6,FALSE
2226,Ba1 Nd1 Er1 Se1 O6,FALSE
2227,Ba1 Pr1 Er1 Si1 O6,FALSE
2228,Ba1 Nd1 Ho1 Si1 O6,FALSE
2229,Ba1 Nd1 Ga1 Si1 O6,FALSE
2230,Ba1 Pm1 Er1 Si1 O6,FALSE
2231,Ba1 Ca1 Pm1 Au1 O6,FALSE
2232,La1 Sm1 Mn1 Ga1 O6,TRUE
2233,Ba1 Pm1 Ho1 Si1 O6,FALSE
2234,Ba1 Pm1 Ga1 Si1 O6,FALSE
2235,Ba1 Pr1 Ga1 Si1 O6,FALSE
2236,Ba1 Sm1 Ga1 Se1 O6,FALSE
2237,K1 Sr1 Sm1 Hf1 O6,FALSE
2238,Rb1 Ba1 Nb1 Se1 O6,FALSE
2239,Ba1 Pr1 Ho1 Si1 O6,FALSE
2240,Ba1 Nd1 Er1 Si1 O6,FALSE
2241,Ba1 Ca1 Nd1 Au1 O6,FALSE
2242,Rb1 Ba1 As1 Rh1 O6,FALSE
2243,Rb1 Ba1 Rh1 Se1 O6,FALSE
2244,Ba1 Pr1 Er1 Se1 O6,FALSE
2245,Ba1 Nd1 Ho1 Se1 O6,FALSE
2246,Ba1 Nd1 Ga1 Se1 O6,FALSE
2247,Rb1 Ba1 Nb1 As1 O6,FALSE
2248,La1 Sm1 Si1 B1 O6,FALSE
2249,Cs1 La1 Al1 As1 O6,FALSE
2250,Ba1 Nd1 Sc1 Se1 O6,FALSE
2251,Rb1 La1 Al1 As1 O6,FALSE
2252,Ba1 Ta1 In1 Co1 O6,FALSE
2253,Ba1 Pm1 Er1 Se1 O6,FALSE
2254,Rb1 Ba1 Hf1 Ta1 O6,TRUE
2255,Rb1 Sr1 Sm1 Hf1 O6,FALSE
2256,Cs1 La1 V1 Se1 O6,TRUE
2257,Ba1 Mn1 In1 Au1 O6,TRUE
2258,Nd1 Mn1 Tl1 In1 O6,TRUE
2259,La1 Nd1 Al1 Ru1 O6,FALSE
2260,Ba1 La1 Si1 As1 O6,FALSE
2261,Sm1 Mn1 In1 Au1 O6,TRUE
2262,La1 Nd1 Al1 Se1 O6,FALSE
2263,Ba1 Sm1 Mn1 In1 O6,TRUE
2264,La1 Nd1 Al1 Ge1 O6,FALSE
2265,Rb1 Ba1 W1 Se1 O6,TRUE
2266,La1 Nd1 Si1 Mo1 O6,FALSE
2267,Ba1 Pr1 In1 Fe1 O6,TRUE
2268,Ba1 Tl1 In1 Fe1 O6,TRUE
2269,Ba1 Pr1 Al1 Ga1 O6,FALSE
2270,Ba1 Lu1 Mn1 Au1 O6,TRUE
2271,K1 Ce1 In1 W1 O6,TRUE
2272,Ba1 Nb1 Cr1 In1 O6,FALSE
2273,Ba1 Pr1 In1 Ni1 O6,TRUE
2274,Ba1 Nd1 V1 As1 O6,TRUE
2275,Ba1 Pr1 In1 Co1 O6,TRUE
2276,Rb1 Ba1 As1 W1 O6,TRUE
2277,Nd1 In1 B1 Te1 O6,FALSE
2278,Nd1 Eu1 Al1 Si1 O6,FALSE
2279,Ba1 La1 Al1 Si1 O6,FALSE
2280,Ca1 La1 Al1 Si1 O6,FALSE
2281,Ba1 Ce1 In1 Co1 O6,TRUE
2282,La1 Mg1 Al1 W1 O6,TRUE
2283,Ba1 Nd1 Mn1 In1 O6,TRUE
2284,La1 Sm1 Al1 Si1 O6,FALSE
2285,Ba1 Nb1 In1 Co1 O6,FALSE
2286,Ba1 Pr1 Al1 In1 O6,FALSE
2287,Ba1 Pr1 Mn1 In1 O6,TRUE
2288,Ba1 Pr1 Cr1 In1 O6,TRUE
2289,Ba1 Pr1 Ga1 B1 O6,FALSE
2290,Ba1 Mn1 Tl1 In1 O6,TRUE
2291,La1 Sm1 Al1 Se1 O6,FALSE
2292,Ba1 Nb1 In1 Ni1 O6,FALSE
2293,Sm1 Mn1 Tl1 In1 O6,TRUE
2294,La1 Nd1 Mn1 In1 O6,TRUE
2295,Ba1 Nd1 Ti1 Se1 O6,FALSE
2296,Ba1 Ce1 In1 W1 O6,TRUE
2297,Ba1 Al1 Ga1 Te1 O6,FALSE
2298,Ba1 Sm1 Al1 Ga1 O6,FALSE
2299,Ba1 Pr1 V1 In1 O6,TRUE
2300,La1 Sm1 Si1 Mo1 O6,FALSE
2301,La1 Sm1 Al1 Ge1 O6,FALSE
2302,Y1 Dy1 Si1 Mo1 O6,FALSE
2303,Ba1 In1 Co1 Te1 O6,FALSE
2304,La1 Tm1 V1 Si1 O6,TRUE
2305,Ba1 La1 Ge1 As1 O6,FALSE
2306,Ba1 Pr1 In1 Si1 O6,FALSE
2307,Ba1 Pr1 Al1 As1 O6,FALSE
2308,La1 Nd1 Al1 Si1 O6,FALSE
2309,Ba1 Nb1 In1 Fe1 O6,FALSE
2310,Rb1 Ce1 In1 W1 O6,TRUE
2311,Ba1 La1 In1 Co1 O6,TRUE
2312,La1 Nd1 In1 Si1 O6,FALSE
2313,Ba1 Nd1 Al1 As1 O6,FALSE
2314,Ba1 Sm1 Al1 As1 O6,FALSE
2315,La1 Dy1 Mn1 Ga1 O6,TRUE
2316,Ba1 In1 Fe1 Re1 O6,FALSE
2317,K1 Ba1 Sm1 Au1 O6,FALSE
2318,Ba1 Nd1 Ga1 As1 O6,FALSE
2319,Ba1 Sm1 Ga1 As1 O6,FALSE
2320,Ba1 Pm1 Si1 Rh1 O6,FALSE
2321,Ag1 Bi1 O3,FALSE
2322,Ag1 Br1 O3,FALSE
2323,Nb1 Ag1 O3,FALSE
2324,Ag1 N1 O3,FALSE
2325,Ag1 Sb1 O3,FALSE
2326,Ta1 Ag1 O3,TRUE
2327,V1 Ag1 O3,TRUE
2328,Al1 B1 O3,FALSE
2329,B1 As1 O3,FALSE
2330,Ba1 Ce1 O3,TRUE
2331,Ba1 C1 O3,FALSE
2332,Ba1 Co1 O3,TRUE
2333,Ba1 Cr1 O3,TRUE
2334,Ba1 Fe1 O3,TRUE
2335,Ba1 Hf1 O3,TRUE
2336,Ba1 Ir1 O3,FALSE
2337,Ba1 Mn1 O3,TRUE
2338,Ba1 Mo1 O3,TRUE
2339,Ba1 Nb1 O3,TRUE
2340,Ba1 Ni1 O3,TRUE
2341,Ba1 Pb1 O3,TRUE
2342,Ba1 Pr1 O3,FALSE
2343,Ba1 Pu1 O3,TRUE
2344,Ba1 Rh1 O3,FALSE
2345,Ba1 Ru1 O3,FALSE
2346,Ba1 Si1 O3,FALSE
2347,Ba1 Sn1 O3,TRUE
2348,Ba1 Tb1 O3,FALSE
2349,Ba1 Ti1 O3,TRUE
2350,Ba1 Zr1 O3,TRUE
2351,Al1 Bi1 O3,FALSE
2352,Fe1 Bi1 O3,TRUE
2353,In1 Bi1 O3,FALSE
2354,Mn1 Bi1 O3,TRUE
2355,Sc1 Bi1 O3,FALSE
2356,Sm1 Bi1 O3,FALSE
2357,Ca1 Cr1 O3,TRUE
2358,Ca1 Mn1 O3,TRUE
2359,Ca1 Mo1 O3,TRUE
2360,Ca1 Nb1 O3,FALSE
2361,Ca1 Pb1 O3,FALSE
2362,Ca1 Pt1 O3,FALSE
2363,Ca1 Ru1 O3,FALSE
2364,Ca1 Si1 O3,FALSE
2365,Ca1 Ti1 O3,FALSE
2366,Ca1 V1 O3,TRUE
2367,Ca1 Zr1 O3,FALSE
2368,Cd1 C1 O3,FALSE
2369,Cd1 Se1 O3,FALSE
2370,Cd1 Sn1 O3,FALSE
2371,Ce1 Al1 O3,TRUE
2372,Ce1 B1 O3,FALSE
2373,Ce1 Cr1 O3,TRUE
2374,Ce1 Dy1 O3,FALSE
2375,Ce1 Fe1 O3,TRUE
2376,Ce1 Ga1 O3,FALSE
2377,Ce1 V1 O3,TRUE
2378,Mn1 Co1 O3,TRUE
2379,Co1 Si1 O3,FALSE
2380,Ti1 Co1 O3,FALSE
2381,Cr1 B1 O3,FALSE
2382,Cs1 I1 O3,FALSE
2383,Cs1 Nb1 O3,FALSE
2384,Cs1 V1 O3,TRUE
2385,Cu1 P1 O3,FALSE
2386,Dy1 Al1 O3,FALSE
2387,Dy1 B1 O3,FALSE
2388,Dy1 Co1 O3,TRUE
2389,Dy1 Cr1 O3,TRUE
2390,Dy1 Fe1 O3,TRUE
2391,Dy1 Mn1 O3,TRUE
2392,Dy1 Ni1 O3,TRUE
2393,Dy1 Sc1 O3,FALSE
2394,Dy1 V1 O3,TRUE
2395,Er1 Al1 O3,FALSE
2396,Er1 B1 O3,FALSE
2397,Er1 Cr1 O3,TRUE
2398,Er1 Fe1 O3,TRUE
2399,Er1 Mn1 O3,TRUE
2400,Er1 Ni1 O3,TRUE
2401,Er1 V1 O3,TRUE
2402,Eu1 Al1 O3,TRUE
2403,Eu1 Cr1 O3,TRUE
2404,Eu1 Fe1 O3,TRUE
2405,Eu1 Ga1 O3,FALSE
2406,Eu1 Mn1 O3,TRUE
2407,Eu1 Ni1 O3,TRUE
2408,Eu1 Rh1 O3,FALSE
2409,Eu1 Sc1 O3,FALSE
2410,Eu1 Ti1 O3,TRUE
2411,Fe1 B1 O3,FALSE
2412,Ti1 Fe1 O3,FALSE
2413,Al1 Ga1 O3,FALSE
2414,Ga1 B1 O3,FALSE
2415,In1 Ga1 O3,FALSE
2416,Gd1 Al1 O3,FALSE
2417,Gd1 B1 O3,FALSE
2418,Gd1 Cr1 O3,TRUE
2419,Gd1 Fe1 O3,TRUE
2420,Gd1 Ga1 O3,FALSE
2421,Gd1 Sc1 O3,FALSE
2422,Gd1 Ti1 O3,FALSE
2423,Gd1 V1 O3,TRUE
2424,Hg1 Te1 O3,FALSE
2425,Ti1 Hg1 O3,FALSE
2426,Ho1 Al1 O3,FALSE
2427,Ho1 B1 O3,FALSE
2428,Ho1 Co1 O3,TRUE
2429,Ho1 Cr1 O3,TRUE
2430,Ho1 Fe1 O3,TRUE
2431,Ho1 Ni1 O3,TRUE
2432,Ho1 Sc1 O3,FALSE
2433,Ho1 V1 O3,TRUE
2434,In1 B1 O3,FALSE
2435,Cr1 In1 O3,FALSE
2436,In1 Fe1 O3,TRUE
2437,In1 Rh1 O3,FALSE
2438,K1 As1 O3,FALSE
2439,K1 Bi1 O3,FALSE
2440,K1 I1 O3,FALSE
2441,K1 Nb1 O3,TRUE
2442,K1 P1 O3,FALSE
2443,K1 Sb1 O3,FALSE
2444,K1 Ta1 O3,TRUE
2445,K1 V1 O3,TRUE
2446,La1 Al1 O3,TRUE
2447,La1 B1 O3,FALSE
2448,La1 Co1 O3,TRUE
2449,La1 Cr1 O3,TRUE
2450,La1 Cu1 O3,TRUE
2451,La1 Er1 O3,FALSE
2452,La1 Fe1 O3,TRUE
2453,La1 Ga1 O3,FALSE
2454,La1 Ho1 O3,FALSE
2455,La1 In1 O3,FALSE
2456,La1 Lu1 O3,FALSE
2457,La1 Mn1 O3,TRUE
2458,La1 Ni1 O3,TRUE
2459,La1 Rh1 O3,FALSE
2460,La1 Ru1 O3,FALSE
2461,La1 Sc1 O3,FALSE
2462,La1 Ti1 O3,FALSE
2463,La1 Tm1 O3,FALSE
2464,La1 V1 O3,TRUE
2465,La1 Yb1 O3,FALSE
2466,La1 Y1 O3,FALSE
2467,Li1 As1 O3,FALSE
2468,Li1 Bi1 O3,FALSE
2469,Li1 Nb1 O3,FALSE
2470,Li1 P1 O3,FALSE
2471,Li1 Re1 O3,FALSE
2472,Li1 Sb1 O3,FALSE
2473,Li1 V1 O3,TRUE
2474,Lu1 Al1 O3,FALSE
2475,Lu1 B1 O3,FALSE
2476,Lu1 Cr1 O3,TRUE
2477,Lu1 Fe1 O3,TRUE
2478,Lu1 Mn1 O3,TRUE
2479,Mg1 C1 O3,FALSE
2480,Mg1 Ge1 O3,FALSE
2481,Mg1 Se1 O3,FALSE
2482,Mg1 Si1 O3,FALSE
2483,Mg1 Sn1 O3,FALSE
2484,Mg1 Ti1 O3,FALSE
2485,Mg1 V1 O3,TRUE
2486,Mn1 Ge1 O3,TRUE
2487,Mn1 Se1 O3,TRUE
2488,Mn1 Sn1 O3,TRUE
2489,Na1 As1 O3,FALSE
2490,Na1 Bi1 O3,FALSE
2491,Na1 Ir1 O3,FALSE
2492,Na1 N1 O3,FALSE
2493,Na1 P1 O3,FALSE
2494,Na1 Ta1 O3,TRUE
2495,Na1 V1 O3,TRUE
2496,Na1 W1 O3,TRUE
2497,Nd1 Al1 O3,TRUE
2498,Nd1 B1 O3,FALSE
2499,Nd1 Co1 O3,TRUE
2500,Nd1 Cr1 O3,TRUE
2501,Nd1 Dy1 O3,FALSE
2502,Nd1 Fe1 O3,TRUE
2503,Nd1 Ga1 O3,FALSE
2504,Nd1 In1 O3,FALSE
2505,Nd1 Mn1 O3,TRUE
2506,Nd1 Ni1 O3,TRUE
2507,Nd1 Rh1 O3,FALSE
2508,Nd1 Sc1 O3,FALSE
2509,Nd1 Ti1 O3,FALSE
2510,Nd1 V1 O3,TRUE
2511,Mn1 Ni1 O3,TRUE
2512,Ti1 Ni1 O3,FALSE
2513,Ce1 Pb1 O3,FALSE
2514,Hf1 Pb1 O3,TRUE
2515,Si1 Pb1 O3,FALSE
2516,Sn1 Pb1 O3,FALSE
2517,Zr1 Pb1 O3,FALSE
2518,Pr1 Al1 O3,TRUE
2519,Pr1 B1 O3,FALSE
2520,Pr1 Co1 O3,TRUE
2521,Pr1 Cr1 O3,TRUE
2522,Pr1 Dy1 O3,FALSE
2523,Pr1 Er1 O3,FALSE
2524,Pr1 Fe1 O3,TRUE
2525,Pr1 Ga1 O3,FALSE
2526,Pr1 Ho1 O3,FALSE
2527,Pr1 Mn1 O3,TRUE
2528,Pr1 Ni1 O3,TRUE
2529,Pr1 Rh1 O3,FALSE
2530,Pr1 Ru1 O3,FALSE
2531,Pr1 Sc1 O3,FALSE
2532,Pr1 Tm1 O3,FALSE
2533,Pr1 V1 O3,TRUE
2534,Rb1 I1 O3,FALSE
2535,Rb1 Nb1 O3,FALSE
2536,Rb1 N1 O3,FALSE
2537,Rb1 P1 O3,FALSE
2538,Sc1 Al1 O3,FALSE
2539,Sc1 B1 O3,FALSE
2540,Sc1 Cr1 O3,TRUE
2541,Sm1 Al1 O3,FALSE
2542,Sm1 B1 O3,FALSE
2543,Sm1 Co1 O3,TRUE
2544,Sm1 Cr1 O3,TRUE
2545,Sm1 Fe1 O3,TRUE
2546,Sm1 In1 O3,FALSE
2547,Sm1 Mn1 O3,TRUE
2548,Sm1 Ni1 O3,TRUE
2549,Sm1 Rh1 O3,FALSE
2550,Sm1 Sc1 O3,FALSE
2551,Sm1 Si1 O3,FALSE
2552,Sm1 Ti1 O3,FALSE
2553,Sm1 V1 O3,TRUE
2554,Sm1 Y1 O3,FALSE
2555,Sr1 Ce1 O3,FALSE
2556,Sr1 Co1 O3,TRUE
2557,Sr1 Hf1 O3,TRUE
2558,Sr1 Mn1 O3,TRUE
2559,Sr1 Mo1 O3,TRUE
2560,Sr1 Nb1 O3,TRUE
2561,Sr1 Pb1 O3,FALSE
2562,Sr1 Pr1 O3,FALSE
2563,Sr1 Ru1 O3,FALSE
2564,Sr1 Sn1 O3,TRUE
2565,Sr1 Tb1 O3,FALSE
2566,Sr1 Ti1 O3,TRUE
2567,Sr1 Zr1 O3,FALSE
2568,Tb1 Al1 O3,FALSE
2569,Tb1 Co1 O3,TRUE
2570,Tb1 Cr1 O3,TRUE
2571,Tb1 Fe1 O3,TRUE
2572,Tb1 Mn1 O3,TRUE
2573,Tb1 Rh1 O3,FALSE
2574,Tb1 V1 O3,TRUE
2575,Ti1 B1 O3,FALSE
2576,Tl1 Cr1 O3,TRUE
2577,Tl1 I1 O3,FALSE
2578,Tl1 Ni1 O3,TRUE
2579,Tl1 Sb1 O3,FALSE
2580,Tm1 Al1 O3,FALSE
2581,Tm1 B1 O3,FALSE
2582,Tm1 Cr1 O3,TRUE
2583,Tm1 Fe1 O3,TRUE
2584,Tm1 Ni1 O3,TRUE
2585,Tm1 Ti1 O3,FALSE
2586,Tm1 V1 O3,TRUE
2587,Y1 Tm1 O3,FALSE
2588,Al1 V1 O3,TRUE
2589,V1 B1 O3,TRUE
2590,V1 Cr1 O3,TRUE
2591,Y1 Al1 O3,FALSE
2592,Yb1 Al1 O3,TRUE
2593,Yb1 B1 O3,FALSE
2594,Yb1 Co1 O3,TRUE
2595,Yb1 Cr1 O3,TRUE
2596,Yb1 Fe1 O3,TRUE
2597,Yb1 Ga1 O3,FALSE
2598,Yb1 Mn1 O3,TRUE
2599,Yb1 Ni1 O3,TRUE
2600,Y1 B1 O3,FALSE
2601,Yb1 Ti1 O3,FALSE
2602,Yb1 V1 O3,TRUE
2603,Y1 Co1 O3,TRUE
2604,Y1 Cr1 O3,TRUE
2605,Y1 Fe1 O3,TRUE
2606,Y1 Mn1 O3,TRUE
2607,Y1 Ni1 O3,TRUE
2608,Y1 Sc1 O3,FALSE
2609,Y1 Ti1 O3,FALSE
2610,Y1 V1 O3,TRUE
2611,Zn1 Ge1 O3,FALSE
2612,Zn1 Si1 O3,FALSE
2613,Ti1 Zn1 O3,FALSE
2614,Ag1 P1 O3,FALSE
2615,Ba1 Te1 O3,FALSE
2616,Ca1 C1 O3,FALSE
2617,Ca1 Ge1 O3,FALSE
2618,Ca1 Hf1 O3,FALSE
2619,Ca1 Ir1 O3,FALSE
2620,Ca1 Sn1 O3,FALSE
2621,Cd1 Ge1 O3,FALSE
2622,Cd1 Pb1 O3,FALSE
2623,Cd1 Te1 O3,FALSE
2624,Ce1 Er1 O3,FALSE
2625,Ce1 Lu1 O3,FALSE
2626,Ce1 Mn1 O3,TRUE
2627,Ce1 Ti1 O3,FALSE
2628,Ce1 Tm1 O3,FALSE
2629,Yb1 Ce1 O3,FALSE
2630,Co1 Ge1 O3,FALSE
2631,Cs1 Br1 O3,FALSE
2632,Cu1 C1 O3,FALSE
2633,Nb1 Cu1 O3,FALSE
2634,Cu1 Si1 O3,FALSE
2635,Cu1 Te1 O3,FALSE
2636,V1 Cu1 O3,TRUE
2637,Dy1 In1 O3,FALSE
2638,Dy1 Rh1 O3,FALSE
2639,Dy1 Ti1 O3,FALSE
2640,Er1 Rh1 O3,FALSE
2641,Eu1 In1 O3,FALSE
2642,Ga1 Fe1 O3,TRUE
2643,Gd1 Ni1 O3,TRUE
2644,Hg1 Se1 O3,FALSE
2645,Ho1 Rh1 O3,FALSE
2646,K1 Br1 O3,FALSE
2647,K1 N1 O3,FALSE
2648,La1 Dy1 O3,FALSE
2649,Li1 N1 O3,FALSE
2650,Mn1 Si1 O3,TRUE
2651,Na1 I1 O3,FALSE
2652,Na1 Nb1 O3,TRUE
2653,Na1 Sb1 O3,FALSE
2654,Yb1 Nd1 O3,FALSE
2655,Pb1 C1 O3,FALSE
2656,Ge1 Pb1 O3,FALSE
2657,Ti1 Pb1 O3,FALSE
2658,Yb1 Pr1 O3,FALSE
2659,Rb1 Br1 O3,FALSE
2660,Rb1 V1 O3,TRUE
2661,Sr1 C1 O3,FALSE
2662,Sr1 Ge1 O3,FALSE
2663,Sr1 Ir1 O3,FALSE
2664,Sr1 Si1 O3,FALSE
2665,Sr1 V1 O3,TRUE
2666,Tb1 Ti1 O3,FALSE
2667,Tl1 Br1 O3,FALSE
2668,Tl1 Fe1 O3,TRUE
2669,Tl1 V1 O3,TRUE
2670,Y1 Ga1 O3,FALSE
2671,Zn1 Te1 O3,FALSE
2672,Ba2 Nb1 Al1 O6,TRUE
2673,Ba2 Ta1 Al1 O6,TRUE
2674,Ba2 Bi1 Ir1 O6,TRUE
2675,Ba2 Nb1 Bi1 O6,TRUE
2676,Ba2 Bi1 Ru1 O6,FALSE
2677,Ba2 Bi1 Sb1 O6,TRUE
2678,Ba2 Ta1 Bi1 O6,TRUE
2679,Ba2 Ca1 Mo1 O6,TRUE
2680,Ba2 Ca1 Pu1 O6,TRUE
2681,Ba2 Ca1 Re1 O6,TRUE
2682,Ba2 Ca1 W1 O6,TRUE
2683,Ba2 Cd1 Mo1 O6,TRUE
2684,Ba2 Cd1 Os1 O6,TRUE
2685,Ba2 Cd1 Re1 O6,TRUE
2686,Ba2 Cd1 Te1 O6,TRUE
2687,Ba2 Cd1 W1 O6,TRUE
2688,Ba2 Ce1 Ir1 O6,TRUE
2689,Ba2 Ce1 Nb1 O6,TRUE
2690,Ba2 Ce1 Pt1 O6,TRUE
2691,Ba2 Ce1 Pu1 O6,TRUE
2692,Ba2 Ce1 Sn1 O6,TRUE
2693,Ba2 Ce1 Ta1 O6,TRUE
2694,Ba2 Co1 Ir1 O6,TRUE
2695,Ba2 Co1 Mo1 O6,TRUE
2696,Ba2 Co1 Os1 O6,TRUE
2697,Ba2 Co1 Re1 O6,TRUE
2698,Ba2 Co1 Sb1 O6,TRUE
2699,Ba2 Ta1 Co1 O6,TRUE
2700,Ba2 Co1 Te1 O6,TRUE
2701,Ba2 Co1 W1 O6,TRUE
2702,Ba2 Cr1 Bi1 O6,TRUE
2703,Ba2 Cr1 Mo1 O6,TRUE
2704,Ba2 Cr1 Os1 O6,TRUE
2705,Ba2 Cr1 Re1 O6,TRUE
2706,Ba2 Ta1 Cr1 O6,TRUE
2707,Ba2 Cu1 Os1 O6,TRUE
2708,Ba2 Cu1 Te1 O6,TRUE
2709,Ba2 Dy1 Bi1 O6,TRUE
2710,Ba2 Dy1 Mo1 O6,TRUE
2711,Ba2 Dy1 Os1 O6,TRUE
2712,Ba2 Dy1 Re1 O6,TRUE
2713,Ba2 Dy1 Ru1 O6,TRUE
2714,Ba2 Dy1 Sb1 O6,TRUE
2715,Ba2 Dy1 Ta1 O6,TRUE
2716,Ba2 Dy1 W1 O6,TRUE
2717,Ba2 Er1 Bi1 O6,TRUE
2718,Ba2 Er1 Os1 O6,TRUE
2719,Ba2 Er1 Re1 O6,TRUE
2720,Ba2 Er1 Ru1 O6,TRUE
2721,Ba2 Er1 Sb1 O6,TRUE
2722,Ba2 Er1 Ta1 O6,TRUE
2723,Ba2 Eu1 Bi1 O6,FALSE
2724,Ba2 Eu1 Nb1 O6,TRUE
2725,Ba2 Eu1 Os1 O6,TRUE
2726,Ba2 Eu1 Ru1 O6,TRUE
2727,Ba2 Eu1 Sb1 O6,TRUE
2728,Ba2 Eu1 Ta1 O6,TRUE
2729,Ba2 Eu1 W1 O6,TRUE
2730,Ba2 Fe1 Bi1 O6,TRUE
2731,Ba2 Nb1 Fe1 O6,TRUE
2732,Ba2 Fe1 Os1 O6,TRUE
2733,Ba2 Fe1 Re1 O6,TRUE
2734,Ba2 Fe1 Sb1 O6,TRUE
2735,Ba2 Ta1 Fe1 O6,TRUE
2736,Ba2 Fe1 W1 O6,TRUE
2737,Ba2 Ta1 Ga1 O6,TRUE
2738,Ba2 Gd1 Mo1 O6,TRUE
2739,Ba2 Gd1 Nb1 O6,TRUE
2740,Ba2 Gd1 Re1 O6,TRUE
2741,Ba2 Gd1 Sb1 O6,TRUE
2742,Ba2 Gd1 Ta1 O6,TRUE
2743,Ba2 Gd1 W1 O6,TRUE
2744,Ba2 Ho1 Bi1 O6,TRUE
2745,Ba2 Ho1 Ir1 O6,TRUE
2746,Ba2 Ho1 Os1 O6,TRUE
2747,Ba2 Ho1 Re1 O6,TRUE
2748,Ba2 Ho1 Ru1 O6,TRUE
2749,Ba2 Ho1 Sb1 O6,TRUE
2750,Ba2 Ho1 Ta1 O6,TRUE
2751,Ba2 In1 Ir1 O6,TRUE
2752,Ba2 Nb1 In1 O6,TRUE
2753,Ba2 In1 Os1 O6,FALSE
2754,Ba2 Pu1 In1 O6,TRUE
2755,Ba2 In1 Re1 O6,FALSE
2756,Ba2 In1 Ru1 O6,TRUE
2757,Ba2 In1 Sb1 O6,TRUE
2758,Ba2 Ta1 In1 O6,TRUE
2759,Ba2 La1 Bi1 O6,TRUE
2760,Ba2 La1 Nb1 O6,TRUE
2761,Ba2 La1 Re1 O6,TRUE
2762,Ba2 La1 Ru1 O6,TRUE
2763,Ba2 La1 Sb1 O6,TRUE
2764,Ba2 La1 Ta1 O6,TRUE
2765,Ba2 Li1 I1 O6,TRUE
2766,Ba2 Li1 Os1 O6,TRUE
2767,Ba2 Li1 Re1 O6,TRUE
2768,Ba2 Mg1 Mo1 O6,TRUE
2769,Ba2 Mg1 Os1 O6,TRUE
2770,Ba2 Pu1 Mg1 O6,TRUE
2771,Ba2 Mg1 Re1 O6,TRUE
2772,Ba2 Mg1 Te1 O6,TRUE
2773,Ba2 Mg1 W1 O6,TRUE
2774,Ba2 Mn1 Ir1 O6,TRUE
2775,Ba2 Mn1 Mo1 O6,TRUE
2776,Ba2 Mn1 Nb1 O6,TRUE
2777,Ba2 Mn1 Os1 O6,TRUE
2778,Ba2 Pu1 Mn1 O6,TRUE
2779,Ba2 Mn1 Re1 O6,TRUE
2780,Ba2 Ta1 Mn1 O6,TRUE
2781,Ba2 Mn1 Te1 O6,TRUE
2782,Ba2 Mn1 W1 O6,TRUE
2783,Ba2 Na1 I1 O6,TRUE
2784,Ba2 Na1 Os1 O6,TRUE
2785,Ba2 Na1 Re1 O6,TRUE
2786,Ba2 Nd1 Bi1 O6,TRUE
2787,Ba2 Nd1 Mo1 O6,TRUE
2788,Ba2 Nd1 Nb1 O6,TRUE
2789,Ba2 Nd1 Pu1 O6,TRUE
2790,Ba2 Nd1 Re1 O6,TRUE
2791,Ba2 Nd1 Ru1 O6,TRUE
2792,Ba2 Nd1 Sb1 O6,TRUE
2793,Ba2 Nd1 Ta1 O6,TRUE
2794,Ba2 Nd1 W1 O6,TRUE
2795,Ba2 Ni1 Mo1 O6,TRUE
2796,Ba2 Ni1 Os1 O6,TRUE
2797,Ba2 Re1 Ni1 O6,TRUE
2798,Ba2 Ni1 Te1 O6,TRUE
2799,Ba2 Ni1 W1 O6,TRUE
2800,Ba2 Mo1 Pb1 O6,TRUE
2801,Ba2 Pu1 Pb1 O6,TRUE
2802,Ba2 Pr1 Nb1 O6,TRUE
2803,Ba2 Pr1 Pt1 O6,TRUE
2804,Ba2 Pr1 Ru1 O6,TRUE
2805,Ba2 Pr1 Sb1 O6,FALSE
2806,Ba2 Pr1 Sn1 O6,FALSE
2807,Ba2 Pr1 Ta1 O6,TRUE
2808,Ba2 Pr1 W1 O6,TRUE
2809,Ba2 Nb1 Rh1 O6,TRUE
2810,Ba2 Ru1 Rh1 O6,FALSE
2811,Ba2 Sb1 Rh1 O6,FALSE
2812,Ba2 Sc1 Bi1 O6,TRUE
2813,Ba2 Sc1 Ir1 O6,TRUE
2814,Ba2 Sc1 Mo1 O6,TRUE
2815,Ba2 Sc1 Nb1 O6,TRUE
2816,Ba2 Sc1 Re1 O6,TRUE
2817,Ba2 Sc1 Sb1 O6,TRUE
2818,Ba2 Sc1 Ta1 O6,TRUE
2819,Ba2 Sm1 Bi1 O6,TRUE
2820,Ba2 Sm1 Mo1 O6,TRUE
2821,Ba2 Sm1 Nb1 O6,TRUE
2822,Ba2 Sm1 Re1 O6,TRUE
2823,Ba2 Sm1 Ru1 O6,TRUE
2824,Ba2 Sm1 Sb1 O6,TRUE
2825,Ba2 Sm1 Ta1 O6,TRUE
2826,Ba2 Sm1 W1 O6,TRUE
2827,Ba2 Sr1 Mo1 O6,TRUE
2828,Ba2 Sr1 Pu1 O6,TRUE
2829,Ba2 Sr1 Re1 O6,TRUE
2830,Ba2 Sr1 Te1 O6,TRUE
2831,Ba2 Sr1 W1 O6,TRUE
2832,Ba2 Tb1 Bi1 O6,TRUE
2833,Ba2 Tb1 Nb1 O6,TRUE
2834,Ba2 Tb1 Re1 O6,TRUE
2835,Ba2 Tb1 Sb1 O6,TRUE
2836,Ba2 Tb1 Sn1 O6,TRUE
2837,Ba2 Tb1 Ta1 O6,TRUE
2838,Ba2 Ti1 Nb1 O6,TRUE
2839,Ba2 Pu1 Ti1 O6,TRUE
2840,Ba2 Ta1 Ti1 O6,TRUE
2841,Ba2 Tl1 Bi1 O6,TRUE
2842,Ba2 Tl1 Sb1 O6,TRUE
2843,Ba2 Ta1 Tl1 O6,TRUE
2844,Ba2 Tm1 Bi1 O6,TRUE
2845,Ba2 Tm1 Ir1 O6,TRUE
2846,Ba2 Tm1 Os1 O6,TRUE
2847,Ba2 Tm1 Re1 O6,TRUE
2848,Ba2 Tm1 Sb1 O6,TRUE
2849,Ba2 Tm1 Ta1 O6,TRUE
2850,Ba2 Nb1 V1 O6,TRUE
2851,Ba2 Ta1 V1 O6,TRUE
2852,Ba2 Yb1 Bi1 O6,TRUE
2853,Ba2 Y1 Bi1 O6,TRUE
2854,Ba2 Yb1 Ir1 O6,TRUE
2855,Ba2 Yb1 Mo1 O6,TRUE
2856,Ba2 Yb1 Nb1 O6,TRUE
2857,Ba2 Yb1 Os1 O6,TRUE
2858,Ba2 Yb1 Re1 O6,TRUE
2859,Ba2 Yb1 Ru1 O6,TRUE
2860,Ba2 Yb1 Sb1 O6,TRUE
2861,Ba2 Yb1 Ta1 O6,TRUE
2862,Ba2 Y1 Mo1 O6,TRUE
2863,Ba2 Y1 Re1 O6,TRUE
2864,Ba2 Y1 Ru1 O6,TRUE
2865,Ba2 Y1 Sb1 O6,TRUE
2866,Ba2 Zn1 Mo1 O6,TRUE
2867,Ba2 Zn1 Os1 O6,TRUE
2868,Ba2 Pu1 Zn1 O6,TRUE
2869,Ba2 Zn1 Re1 O6,TRUE
2870,Ba2 Zn1 Te1 O6,TRUE
2871,Ba2 Zn1 W1 O6,TRUE
2872,Ba1 Na1 Bi1 Te1 O6,FALSE
2873,Ba1 La1 Co1 Ru1 O6,TRUE
2874,Ba1 La1 Ti1 Fe1 O6,TRUE
2875,Ba1 Li1 La1 Te1 O6,TRUE
2876,Ba1 La1 Mg1 Mo1 O6,TRUE
2877,Ba1 La1 Mg1 Nb1 O6,FALSE
2878,Ba1 La1 Mg1 Ru1 O6,FALSE
2879,Ba1 La1 Mn1 Mo1 O6,TRUE
2880,Ba1 La1 Mn1 Sb1 O6,TRUE
2881,Ba1 La1 Ta1 Mn1 O6,TRUE
2882,Ba1 Na1 La1 Te1 O6,TRUE
2883,Ba1 La1 Cu1 Ru1 O6,FALSE
2884,Ba1 La1 Zn1 Ru1 O6,FALSE
2885,Ba1 Nd1 Ni1 Sb1 O6,TRUE
2886,Ba1 Pr1 Nb1 Co1 O6,TRUE
2887,Ba1 Pr1 Ta1 Co1 O6,TRUE
2888,Ba1 Li1 Pr1 Te1 O6,FALSE
2889,Ba1 Sr1 Co1 W1 O6,TRUE
2890,Ba1 Sr1 Mg1 W1 O6,TRUE
2891,Ba1 Sr1 Ni1 W1 O6,TRUE
2892,Ho1 Ti1 Co1 Bi1 O6,FALSE
2893,Ca2 Nb1 Al1 O6,FALSE
2894,Ca2 Al1 Sb1 O6,FALSE
2895,Ca2 Bi1 As1 O6,FALSE
2896,Ca2 Nb1 Bi1 O6,FALSE
2897,Ca2 Ta1 Bi1 O6,FALSE
2898,Ca2 Cd1 Re1 O6,FALSE
2899,Ca2 Cd1 Te1 O6,FALSE
2900,Ca2 Cd1 W1 O6,TRUE
2901,Ca2 Nb1 Co1 O6,TRUE
2902,Ca2 Co1 Os1 O6,TRUE
2903,Ca2 Co1 Re1 O6,TRUE
2904,Ca2 Ta1 Co1 O6,TRUE
2905,Ca2 Co1 Te1 O6,TRUE
2906,Ca2 Co1 W1 O6,TRUE
2907,Ca2 Cr1 Mo1 O6,TRUE
2908,Ca2 Nb1 Cr1 O6,TRUE
2909,Ca2 Cr1 Os1 O6,TRUE
2910,Ca2 Cr1 Re1 O6,TRUE
2911,Ca2 Cr1 Sb1 O6,TRUE
2912,Ca2 Ta1 Cr1 O6,TRUE
2913,Ca2 Ti1 Cr1 O6,TRUE
2914,Ca2 Cr1 W1 O6,TRUE
2915,Ca2 Dy1 Nb1 O6,FALSE
2916,Ca2 Dy1 Sb1 O6,FALSE
2917,Ca2 Dy1 Ta1 O6,FALSE
2918,Ca2 Er1 Nb1 O6,FALSE
2919,Ca2 Er1 Sb1 O6,FALSE
2920,Ca2 Er1 Ta1 O6,FALSE
2921,Ca2 Eu1 Nb1 O6,FALSE
2922,Ca2 Eu1 Sb1 O6,FALSE
2923,Ca2 Eu1 Ta1 O6,FALSE
2924,Ca2 Fe1 Bi1 O6,TRUE
2925,Ca2 Fe1 Ir1 O6,TRUE
2926,Ca2 Fe1 Mo1 O6,TRUE
2927,Ca2 Nb1 Fe1 O6,TRUE
2928,Ca2 Fe1 Os1 O6,TRUE
2929,Ca2 Fe1 Re1 O6,TRUE
2930,Ca2 Fe1 Sb1 O6,TRUE
2931,Ca2 Ta1 Fe1 O6,TRUE
2932,Ca2 Fe1 W1 O6,TRUE
2933,Ca2 Nb1 Ga1 O6,FALSE
2934,Ca2 Ta1 Ga1 O6,FALSE
2935,Ca2 Gd1 Nb1 O6,FALSE
2936,Ca2 Gd1 Sb1 O6,FALSE
2937,Ca2 Gd1 Ta1 O6,FALSE
2938,Ca2 Ho1 Nb1 O6,FALSE
2939,Ca2 Ho1 Sb1 O6,FALSE
2940,Ca2 Ho1 Ta1 O6,FALSE
2941,Ca2 Nb1 In1 O6,FALSE
2942,Ca2 In1 Os1 O6,FALSE
2943,Ca2 In1 Sb1 O6,FALSE
2944,Ca2 Ta1 In1 O6,FALSE
2945,Ca2 La1 Nb1 O6,FALSE
2946,Ca2 La1 Sb1 O6,FALSE
2947,Ca2 La1 Ta1 O6,FALSE
2948,Li1 Ca2 Os1 O6,TRUE
2949,Li1 Ca2 Re1 O6,FALSE
2950,Ca2 Lu1 Nb1 O6,FALSE
2951,Ca2 Mg1 Mo1 O6,TRUE
2952,Ca2 Mg1 Re1 O6,FALSE
2953,Ca2 Mg1 Te1 O6,FALSE
2954,Ca2 Mg1 W1 O6,TRUE
2955,Ca2 Mn1 Ir1 O6,TRUE
2956,Ca2 Mn1 Mo1 O6,TRUE
2957,Ca2 Mn1 Nb1 O6,TRUE
2958,Ca2 Mn1 Re1 O6,TRUE
2959,Ca2 Mn1 Ru1 O6,TRUE
2960,Ca2 Mn1 Sb1 O6,TRUE
2961,Ca2 Ta1 Mn1 O6,TRUE
2962,Ca2 Mn1 Te1 O6,TRUE
2963,Ca2 Mn1 W1 O6,TRUE
2964,Na1 Ca2 I1 O6,FALSE
2965,Ca2 Nd1 Nb1 O6,FALSE
2966,Ca2 Nd1 Sb1 O6,FALSE
2967,Ca2 Nd1 Ta1 O6,FALSE
2968,Ca2 Ni1 Os1 O6,FALSE
2969,Ca2 Re1 Ni1 O6,FALSE
2970,Ca2 Pd1 W1 O6,TRUE
2971,Ca2 Pr1 Nb1 O6,FALSE
2972,Ca2 Pr1 Sb1 O6,FALSE
2973,Ca2 Pr1 Ta1 O6,FALSE
2974,Ca2 Sc1 Nb1 O6,FALSE
2975,Ca2 Sc1 Re1 O6,FALSE
2976,Ca2 Sc1 Sb1 O6,FALSE
2977,Ca2 Sc1 Ta1 O6,FALSE
2978,Ca2 Ti1 Si1 O6,FALSE
2979,Ca2 Sm1 Nb1 O6,FALSE
2980,Ca2 Sm1 Sb1 O6,FALSE
2981,Ca2 Sm1 Ta1 O6,FALSE
2982,Ca2 Tb1 Nb1 O6,FALSE
2983,Ca2 Tb1 Sb1 O6,FALSE
2984,Ca2 Tb1 Ta1 O6,FALSE
2985,Ca2 Ti1 Ru1 O6,FALSE
2986,Ca2 Tm1 Nb1 O6,FALSE
2987,Ca2 Tm1 Sb1 O6,FALSE
2988,Ca2 Tm1 Ta1 O6,FALSE
2989,Ca2 V1 Mo1 O6,TRUE
2990,Ca2 Nb1 V1 O6,TRUE
2991,Ca2 Ta1 V1 O6,TRUE
2992,Ca2 Yb1 Nb1 O6,FALSE
2993,Ca2 Yb1 Sb1 O6,FALSE
2994,Ca2 Yb1 Ta1 O6,FALSE
2995,Ca2 Y1 Sb1 O6,FALSE
2996,Ca2 Y1 Ta1 O6,FALSE
2997,Ca2 Zn1 Mo1 O6,TRUE
2998,Ca2 Zn1 Te1 O6,FALSE
2999,Ca2 Zn1 W1 O6,TRUE
3000,Ca2 Hf1 Zr1 O6,FALSE
3001,Ca2 La1 Ru1 O6,FALSE
3002,Ca2 La1 Ta1 O6,FALSE
3003,Ca1 La1 Nb1 Co1 O6,TRUE
3004,Ca1 La1 Ti1 Fe1 O6,TRUE
3005,Ca1 La1 V1 Fe1 O6,TRUE
3006,Ca1 La1 Mg1 Mo1 O6,TRUE
3007,Ca1 La1 Mn1 Fe1 O6,TRUE
3008,Ca1 La1 Mn1 Ru1 O6,TRUE
3009,Ca1 Ti2 Mn1 O6,TRUE
3010,Ca2 Nd1 Nb1 O6,FALSE
3011,Ca2 Nd1 Ru1 O6,FALSE
3012,Ca2 Nd1 Ta1 O6,FALSE
3013,Li1 Ca1 Pr1 Te1 O6,FALSE
3014,Sr1 Ca1 La1 Sb1 O6,FALSE
3015,Sr1 Ca1 Sm1 Sb1 O6,FALSE
3016,Dy2 Mn1 Co1 O6,TRUE
3017,Dy2 Co1 Pt1 O6,FALSE
3018,Dy2 Mn1 Cu1 O6,TRUE
3019,Dy2 Ti1 Cu1 O6,FALSE
3020,Dy2 Mn1 Ni1 O6,TRUE
3021,Dy2 Ni1 Ru1 O6,FALSE
3022,Ba1 Eu1 Co2 O6,TRUE
3023,Gd2 Mn1 Co1 O6,TRUE
3024,Gd2 Ti1 Cu1 O6,FALSE
3025,Gd2 Mg1 Pt1 O6,FALSE
3026,Gd2 Mn1 Ni1 O6,TRUE
3027,Gd2 Ni1 Ru1 O6,FALSE
3028,K1 La1 Mn1 W1 O6,TRUE
3029,Ca1 La2 Ti1 O6,FALSE
3030,Ca1 La2 Zr1 O6,FALSE
3031,La2 Fe1 Co1 O6,TRUE
3032,La2 Co1 Ir1 O6,TRUE
3033,La2 Mn1 Co1 O6,TRUE
3034,La2 Co1 Rh1 O6,TRUE
3035,La2 Co1 Ru1 O6,FALSE
3036,La2 Ti1 Co1 O6,TRUE
3037,La2 Cr1 Co1 O6,TRUE
3038,La2 Cr1 Fe1 O6,TRUE
3039,La2 Mn1 Cr1 O6,TRUE
3040,La2 Cr1 Rh1 O6,TRUE
3041,La2 Cu1 Ir1 O6,FALSE
3042,La2 Mn1 Cu1 O6,TRUE
3043,La2 Cu1 Rh1 O6,FALSE
3044,La2 Cu1 Ru1 O6,FALSE
3045,La2 Cu1 Sn1 O6,FALSE
3046,La2 Ti1 Cu1 O6,FALSE
3047,La2 Zr1 Cu1 O6,FALSE
3048,La2 Fe1 Ir1 O6,TRUE
3049,La2 Mn1 Fe1 O6,TRUE
3050,La2 Fe1 Rh1 O6,TRUE
3051,La2 Fe1 Ru1 O6,TRUE
3052,La2 Ti1 Fe1 O6,TRUE
3053,La2 V1 Fe1 O6,TRUE
3054,La2 Ga1 Co1 O6,TRUE
3055,La2 Ga1 Fe1 O6,TRUE
3056,La2 Mn1 Ga1 O6,TRUE
3057,La2 Ga1 Ni1 O6,TRUE
3058,La2 Ga1 Ru1 O6,FALSE
3059,K1 La2 Nb1 O6,FALSE
3060,Li1 La2 Ir1 O6,FALSE
3061,Li1 La2 Mo1 O6,TRUE
3062,Li1 La2 Nb1 O6,FALSE
3063,Li1 La2 Os1 O6,FALSE
3064,Li1 La2 Re1 O6,FALSE
3065,Li1 La2 Ru1 O6,FALSE
3066,Li1 La2 Sb1 O6,FALSE
3067,Li1 La2 V1 O6,TRUE
3068,La2 Mg1 Ge1 O6,FALSE
3069,La2 Hf1 Mg1 O6,FALSE
3070,La2 Mg1 Ir1 O6,FALSE
3071,La2 Mg1 Mn1 O6,TRUE
3072,La2 Mg1 Pt1 O6,FALSE
3073,La2 Mg1 Rh1 O6,FALSE
3074,La2 Mg1 Ru1 O6,FALSE
3075,La2 Mg1 Sn1 O6,FALSE
3076,La2 Mg1 Ti1 O6,FALSE
3077,La2 Mg1 Zr1 O6,FALSE
3078,La2 Mn1 Ir1 O6,TRUE
3079,La2 Mn1 Rh1 O6,TRUE
3080,La2 Mn1 Ru1 O6,TRUE
3081,La2 Ti1 Mn1 O6,TRUE
3082,La2 Mn1 V1 O6,TRUE
3083,Na1 La2 Ir1 O6,FALSE
3084,Na1 La2 Os1 O6,FALSE
3085,Na1 La2 Ru1 O6,FALSE
3086,La2 Co1 Ni1 O6,TRUE
3087,La2 Fe1 Ni1 O6,TRUE
3088,La2 Ni1 Ge1 O6,TRUE
3089,La2 Ni1 Ir1 O6,TRUE
3090,La2 Mn1 Ni1 O6,TRUE
3091,La2 Ni1 Pt1 O6,TRUE
3092,La2 Ni1 Rh1 O6,TRUE
3093,La2 Ni1 Ru1 O6,FALSE
3094,La2 Ni1 Sn1 O6,TRUE
3095,La2 Ti1 Ni1 O6,TRUE
3096,La2 V1 Ni1 O6,TRUE
3097,La2 Zr1 Ni1 O6,TRUE
3098,La2 Sc1 Mn1 O6,TRUE
3099,La2 Hf1 Zn1 O6,FALSE
3100,La2 Zn1 Ir1 O6,FALSE
3101,La2 Mn1 Zn1 O6,TRUE
3102,La2 Zn1 Pt1 O6,FALSE
3103,La2 Zn1 Rh1 O6,FALSE
3104,La2 Zn1 Ru1 O6,FALSE
3105,La2 Ti1 Zn1 O6,FALSE
3106,Ba1 La1 Co2 O6,TRUE
3107,Ca1 La1 Mn1 Co1 O6,TRUE
3108,Ca1 La1 Mn1 Nb1 O6,TRUE
3109,Na1 La1 Mn1 Mo1 O6,TRUE
3110,Sr1 La1 Nb1 Co1 O6,TRUE
3111,Sr1 La1 Co1 Ru1 O6,TRUE
3112,Sr1 La1 Cu1 Ru1 O6,FALSE
3113,Sr1 La1 Cu1 Sb1 O6,FALSE
3114,Sr1 La1 Fe1 Co1 O6,TRUE
3115,Sr1 La1 Fe1 Ni1 O6,TRUE
3116,Sr1 La1 Mn1 Co1 O6,TRUE
3117,Sr1 La1 Ta1 Mo1 O6,TRUE
3118,Sr1 La1 Ni1 Ru1 O6,TRUE
3119,Sr1 La1 Ni1 Sb1 O6,TRUE
3120,Sr1 La1 Ta1 Ni1 O6,TRUE
3121,Li1 La1 Mg1 W1 O6,TRUE
3122,Na1 Eu1 Ti2 O6,TRUE
3123,Na1 Gd1 Mg1 W1 O6,TRUE
3124,Na1 La1 Mn1 W1 O6,TRUE
3125,Na1 Nd1 Co1 W1 O6,TRUE
3126,Na1 Nd1 Mg1 W1 O6,TRUE
3127,Na1 Nd1 Mn1 W1 O6,TRUE
3128,Na1 Sm1 Ti2 O6,FALSE
3129,Na1 Tb1 Mn1 W1 O6,TRUE
3130,Nd2 Mn1 Co1 O6,TRUE
3131,Nd2 Co1 Pt1 O6,TRUE
3132,Nd2 Co1 Ru1 O6,FALSE
3133,Nd2 Cu1 Ir1 O6,FALSE
3134,Nd2 Mn1 Cu1 O6,TRUE
3135,Nd2 Cu1 Sn1 O6,FALSE
3136,Nd2 Ti1 Cu1 O6,FALSE
3137,Nd2 Mn1 Ga1 O6,TRUE
3138,K1 Nd2 Nb1 O6,FALSE
3139,Li1 Nd2 Ir1 O6,FALSE
3140,Li1 Nd2 Os1 O6,FALSE
3141,Li1 Nd2 Ru1 O6,FALSE
3142,Nd2 Mg1 Ir1 O6,FALSE
3143,Nd2 Mg1 Pt1 O6,FALSE
3144,Nd2 Mg1 Sn1 O6,FALSE
3145,Nd2 Mg1 Ti1 O6,FALSE
3146,Nd2 Mn1 Ni1 O6,TRUE
3147,Nd2 Mn1 Rh1 O6,TRUE
3148,Nd2 Ti1 Mn1 O6,TRUE
3149,Na1 Nd2 Ir1 O6,FALSE
3150,Na1 Nd2 Os1 O6,FALSE
3151,Na1 Nd2 Ru1 O6,FALSE
3152,Nd2 Ni1 Pt1 O6,TRUE
3153,Nd2 Ni1 Ru1 O6,FALSE
3154,Nd2 Zn1 Pt1 O6,FALSE
3155,Ba1 Nd1 Co2 O6,TRUE
3156,Ba1 Nd1 Fe2 O6,TRUE
3157,Ba1 Nd1 Mn2 O6,TRUE
3158,Sr1 Nd1 Mn2 O6,TRUE
3159,Nb1 Al1 Pb2 O6,FALSE
3160,V1 Bi1 Pb2 O6,TRUE
3161,Ca1 Re1 Pb2 O6,FALSE
3162,Ca1 Te1 Pb2 O6,TRUE
3163,Cd1 Mo1 Pb2 O6,TRUE
3164,Cd1 Re1 Pb2 O6,FALSE
3165,Cd1 Te1 Pb2 O6,FALSE
3166,Cd1 Pb2 W1 O6,TRUE
3167,Co1 Mo1 Pb2 O6,TRUE
3168,Nb1 Co1 Pb2 O6,TRUE
3169,Co1 Re1 Pb2 O6,FALSE
3170,Ta1 Co1 Pb2 O6,TRUE
3171,Co1 Pb2 W1 O6,TRUE
3172,Nb1 Cr1 Pb2 O6,TRUE
3173,Ta1 Cr1 Pb2 O6,TRUE
3174,Cu1 Pb2 W1 O6,TRUE
3175,Dy1 Nb1 Pb2 O6,FALSE
3176,Fe1 Mo1 Pb2 O6,TRUE
3177,Nb1 Fe1 Pb2 O6,TRUE
3178,Fe1 Re1 Pb2 O6,FALSE
3179,Ta1 Fe1 Pb2 O6,TRUE
3180,Ti1 Fe1 Pb2 O6,TRUE
3181,Fe1 Pb2 W1 O6,TRUE
3182,Nb1 Ga1 Pb2 O6,FALSE
3183,Cr1 Hg1 Pb2 O6,TRUE
3184,Nb1 In1 Pb2 O6,FALSE
3185,Lu1 Nb1 Pb2 O6,FALSE
3186,Mg1 Mo1 Pb2 O6,TRUE
3187,Mg1 Re1 Pb2 O6,TRUE
3188,Mg1 Te2 Pb1 O6,FALSE
3189,Mg1 Pb2 W1 O6,TRUE
3190,Mn1 Nb1 Pb2 O6,TRUE
3191,Ta1 Mn1 Pb2 O6,TRUE
3192,Mn1 Te1 Pb2 O6,TRUE
3193,Na1 Pb2 I1 O6,TRUE
3194,Ni1 Mo1 Pb2 O6,TRUE
3195,Re1 Ni1 Pb2 O6,FALSE
3196,Ni1 Te1 Pb2 O6,TRUE
3197,Ni1 Pb2 W1 O6,TRUE
3198,Sc1 Nb1 Pb2 O6,TRUE
3199,Sc1 Sb1 Pb2 O6,TRUE
3200,Sc1 Ta1 Pb2 O6,TRUE
3201,Tm1 Nb1 Pb2 O6,FALSE
3202,Yb1 Nb1 Pb2 O6,FALSE
3203,Yb1 Ta1 Pb2 O6,FALSE
3204,Zn1 Mo1 Pb2 O6,TRUE
3205,Zn1 Re1 Pb2 O6,FALSE
3206,Zn1 Te1 Pb2 O6,FALSE
3207,Zn1 Pb2 W1 O6,TRUE
3208,Ba1 Nb1 Bi1 Pb1 O6,FALSE
3209,Ba1 Pr1 Co2 O6,TRUE
3210,Sr1 Pr1 Co2 O6,TRUE
3211,Sr1 Li1 Pr1 Te1 O6,FALSE
3212,Sm2 Mn1 Co1 O6,TRUE
3213,Sm2 Co1 Pt1 O6,FALSE
3214,Sm2 Co1 Ru1 O6,FALSE
3215,Sm2 Mn1 Cu1 O6,TRUE
3216,Sm2 Cu1 Sn1 O6,FALSE
3217,Sm2 Ti1 Cu1 O6,FALSE
3218,Li1 Sm2 Ir1 O6,FALSE
3219,Li1 Sm2 Os1 O6,FALSE
3220,Li1 Sm2 Ru1 O6,FALSE
3221,Sm2 Mg1 Ir1 O6,FALSE
3222,Sm2 Mg1 Pt1 O6,FALSE
3223,Sm2 Mn1 Rh1 O6,TRUE
3224,Sm2 Ti1 Mn1 O6,TRUE
3225,Na1 Sm2 Ir1 O6,FALSE
3226,Sm2 Mn1 Ni1 O6,TRUE
3227,Sm2 Ni1 Pt1 O6,FALSE
3228,Sm2 Ni1 Ru1 O6,FALSE
3229,Sm2 Zn1 Pt1 O6,FALSE
3230,Ba1 Sm1 Co2 O6,TRUE
3231,Ba1 Sm1 Fe2 O6,TRUE
3232,Ba1 Sm1 Mn2 O6,TRUE
3233,Sr2 Nb1 Al1 O6,TRUE
3234,Sr2 Lu1 Bi1 O6,FALSE
3235,Sr2 Ca1 Mo1 O6,TRUE
3236,Sr2 Ca1 Re1 O6,TRUE
3237,Sr2 Ca1 Te1 O6,FALSE
3238,Sr2 Ca1 W1 O6,TRUE
3239,Sr2 Cd1 Mo1 O6,TRUE
3240,Sr2 Cd1 W1 O6,TRUE
3241,Sr2 Ce1 Hf1 O6,FALSE
3242,Sr2 Ce1 Ir1 O6,TRUE
3243,Sr2 Ce1 Ru1 O6,FALSE
3244,Sr2 Ce1 Ta1 O6,FALSE
3245,Sr2 Ce1 Zr1 O6,FALSE
3246,Sr2 Fe1 Co1 O6,TRUE
3247,Sr2 Co1 Ir1 O6,TRUE
3248,Sr2 Mn1 Co1 O6,TRUE
3249,Sr2 Co1 Mo1 O6,TRUE
3250,Sr2 Nb1 Co1 O6,TRUE
3251,Sr2 Co1 Re1 O6,TRUE
3252,Sr2 Co1 Ru1 O6,TRUE
3253,Sr2 Co1 Te1 O6,TRUE
3254,Sr2 Ti1 Co1 O6,TRUE
3255,Sr2 Nb1 Cr1 O6,TRUE
3256,Sr2 Cr1 Os1 O6,TRUE
3257,Sr2 Cr1 Re1 O6,TRUE
3258,Sr2 Cr1 Sb1 O6,TRUE
3259,Sr2 Ta1 Cr1 O6,TRUE
3260,Sr2 Cr1 W1 O6,TRUE
3261,Sr2 Cu1 Os1 O6,FALSE
3262,Sr2 Cu1 Te1 O6,FALSE
3263,Sr2 Cu1 W1 O6,TRUE
3264,Sr2 Dy1 Nb1 O6,FALSE
3265,Sr2 Dy1 Re1 O6,FALSE
3266,Sr2 Dy1 Sb1 O6,TRUE
3267,Sr2 Er1 Bi1 O6,TRUE
3268,Sr2 Er1 Ir1 O6,TRUE
3269,Sr2 Er1 Mo1 O6,TRUE
3270,Sr2 Er1 Sb1 O6,TRUE
3271,Sr2 Er1 Ta1 O6,TRUE
3272,Sr2 Eu1 Bi1 O6,FALSE
3273,Sr2 Eu1 Ir1 O6,TRUE
3274,Sr2 Eu1 Mo1 O6,TRUE
3275,Sr2 Eu1 Ru1 O6,TRUE
3276,Sr2 Eu1 Sb1 O6,FALSE
3277,Sr2 Eu1 Ta1 O6,FALSE
3278,Sr2 Fe1 Bi1 O6,TRUE
3279,Sr2 Fe1 Ir1 O6,TRUE
3280,Sr2 Fe1 Mo1 O6,TRUE
3281,Sr2 Fe1 Os1 O6,TRUE
3282,Sr2 Fe1 Ru1 O6,TRUE
3283,Sr2 Fe1 Sb1 O6,TRUE
3284,Sr2 Ta1 Fe1 O6,TRUE
3285,Sr2 Ti1 Fe1 O6,TRUE
3286,Sr2 Fe1 W1 O6,TRUE
3287,Sr2 Nb1 Ga1 O6,TRUE
3288,Sr2 Ga1 Re1 O6,FALSE
3289,Sr2 Gd1 Bi1 O6,FALSE
3290,Sr2 Gd1 Ir1 O6,TRUE
3291,Sr2 Gd1 Mo1 O6,TRUE
3292,Sr2 Gd1 Sb1 O6,TRUE
3293,Sr2 Gd1 Ta1 O6,FALSE
3294,Sr2 Hf1 Nb1 O6,FALSE
3295,Sr2 Ho1 Bi1 O6,TRUE
3296,Sr2 Ho1 Ir1 O6,TRUE
3297,Sr2 Ho1 Mo1 O6,TRUE
3298,Sr2 Ho1 Nb1 O6,FALSE
3299,Sr2 Ho1 Ru1 O6,FALSE
3300,Sr2 Ho1 Sb1 O6,TRUE
3301,Sr2 Ho1 Ta1 O6,FALSE
3302,Sr2 In1 Bi1 O6,FALSE
3303,Sr2 Nb1 In1 O6,TRUE
3304,Sr2 In1 Os1 O6,FALSE
3305,Sr2 In1 Sb1 O6,FALSE
3306,Sr2 Ta1 In1 O6,TRUE
3307,Sr2 Nb1 Ir1 O6,TRUE
3308,Sr2 Ta1 Ir1 O6,TRUE
3309,Sr2 La1 Ru1 O6,FALSE
3310,Sr2 La1 Sb1 O6,TRUE
3311,Sr2 La1 Ta1 O6,FALSE
3312,Sr2 Li1 Os1 O6,TRUE
3313,Sr2 Li1 Re1 O6,TRUE
3314,Sr2 Lu1 Ir1 O6,TRUE
3315,Sr2 Mg1 Mo1 O6,TRUE
3316,Sr2 Mg1 Os1 O6,TRUE
3317,Sr2 Mg1 Te1 O6,TRUE
3318,Sr2 Mg1 W1 O6,TRUE
3319,Sr2 Mn1 Mo1 O6,TRUE
3320,Sr2 Mn1 Nb1 O6,TRUE
3321,Sr2 Mn1 Ru1 O6,TRUE
3322,Sr2 Mn1 Sb1 O6,TRUE
3323,Sr2 Ta1 Mn1 O6,TRUE
3324,Sr2 Mn1 Te1 O6,TRUE
3325,Sr2 Ti1 Mn1 O6,TRUE
3326,Na1 Sr2 I1 O6,TRUE
3327,Na1 Sr2 Os1 O6,TRUE
3328,Na1 Sr2 Re1 O6,TRUE
3329,Sr2 Nd1 Ru1 O6,FALSE
3330,Sr2 Nd1 Sb1 O6,TRUE
3331,Sr2 Nd1 Ta1 O6,FALSE
3332,Sr2 Ni1 Mo1 O6,TRUE
3333,Sr2 Re1 Ni1 O6,TRUE
3334,Sr2 Ni1 W1 O6,TRUE
3335,Sr2 Pr1 Ru1 O6,FALSE
3336,Sr2 Pr1 Sb1 O6,FALSE
3337,Sr2 Pr1 Ta1 O6,FALSE
3338,Sr2 Nb1 Rh1 O6,TRUE
3339,Sr2 Sc1 Bi1 O6,TRUE
3340,Sr2 Sc1 Ir1 O6,TRUE
3341,Sr2 Sc1 Os1 O6,TRUE
3342,Sr2 Sc1 Re1 O6,TRUE
3343,Sr2 Sc1 Sb1 O6,TRUE
3344,Sr2 Sc1 Ta1 O6,TRUE
3345,Sr2 Sm1 Bi1 O6,FALSE
3346,Sr2 Sm1 Ir1 O6,TRUE
3347,Sr2 Sm1 Ru1 O6,FALSE
3348,Sr2 Sm1 Sb1 O6,FALSE
3349,Sr2 Sm1 Ta1 O6,FALSE
3350,Sr2 Tb1 Ir1 O6,TRUE
3351,Sr2 Tb1 Nb1 O6,FALSE
3352,Sr2 Tb1 Re1 O6,FALSE
3353,Sr2 Tb1 Ru1 O6,FALSE
3354,Sr2 Hf1 Ti1 O6,TRUE
3355,Sr2 Ti1 Mo1 O6,TRUE
3356,Sr2 Ti1 Nb1 O6,TRUE
3357,Sr2 Ti1 Ru1 O6,TRUE
3358,Sr2 Ta1 Ti1 O6,TRUE
3359,Sr2 Zr1 Ti1 O6,TRUE
3360,Sr2 Tm1 Re1 O6,FALSE
3361,Sr2 Tm1 Ta1 O6,FALSE
3362,Sr2 Nb1 V1 O6,TRUE
3363,Sr2 Ta1 V1 O6,TRUE
3364,Sr2 Yb1 Nb1 O6,FALSE
3365,Sr2 Yb1 Re1 O6,TRUE
3366,Sr2 Yb1 Ta1 O6,FALSE
3367,Sr2 Y1 Ir1 O6,TRUE
3368,Sr2 Y1 Mo1 O6,TRUE
3369,Sr2 Y1 Nb1 O6,FALSE
3370,Sr2 Y1 Re1 O6,FALSE
3371,Sr2 Zn1 Re1 O6,FALSE
3372,Sr2 Zn1 Te1 O6,TRUE
3373,Sr2 Zn1 W1 O6,TRUE
3374,Sr2 Zr1 Nb1 O6,FALSE
3375,Ba1 Sr1 Mn1 W1 O6,TRUE
3376,Sr1 Ca1 Co1 Te1 O6,TRUE
3377,Sr1 Ca1 Fe1 Sb1 O6,TRUE
3378,Sr1 Ca1 La1 Ru1 O6,FALSE
3379,Sr1 Ca1 Ni1 Te1 O6,TRUE
3380,Sr1 Ca1 Pr1 Ru1 O6,FALSE
3381,Sr1 Li1 Eu1 Te1 O6,TRUE
3382,Sr1 La1 Cu1 Ru1 O6,FALSE
3383,Sr1 La1 Ti1 Fe1 O6,TRUE
3384,Sr1 La1 V1 Fe1 O6,TRUE
3385,Sr1 La1 Mg1 Mo1 O6,TRUE
3386,Sr1 La1 Mn1 Fe1 O6,TRUE
3387,Sr1 La1 Mn1 Ru1 O6,TRUE
3388,Sr1 La1 Ni1 Ru1 O6,TRUE
3389,Sr1 Nd1 Ti1 Fe1 O6,TRUE
3390,Sr1 Pr1 Co1 Ru1 O6,TRUE
3391,Sr1 Pr1 Ti1 Fe1 O6,TRUE
3392,Sr1 Pr1 Mg1 Ru1 O6,FALSE
3393,Sr1 Pr1 Ni1 Ru1 O6,TRUE
3394,Sr1 Pr1 Zn1 Ru1 O6,FALSE
3395,Ba2 V1 Bi1 O6,TRUE
3396,Ba2 Er1 Ir1 O6,TRUE
3397,Ba2 Er1 Mo1 O6,TRUE
3398,Ba2 Eu1 Mo1 O6,TRUE
3399,Ba2 Fe1 Mo1 O6,TRUE
3400,Ba2 Nb1 Ga1 O6,TRUE
3401,Ba2 Gd1 Bi1 O6,TRUE
3402,Ba2 In1 Bi1 O6,TRUE
3403,Ba2 La1 Pu1 O6,TRUE
3404,Ba2 Mn1 Ru1 O6,TRUE
3405,Ba2 Nd1 Os1 O6,TRUE
3406,Ba2 Nb1 Ni1 O6,TRUE
3407,Ba2 Sc1 Os1 O6,TRUE
3408,Ba2 Sm1 Os1 O6,TRUE
3409,Ba2 Y1 Ta1 O6,TRUE
3410,Sr2 Al1 Sb1 O6,TRUE
3411,Sr2 Ta1 Al1 O6,TRUE
3412,Sr2 Bi1 Sb1 O6,FALSE
3413,Sr2 Ca1 Os1 O6,TRUE
3414,Sr2 Cd1 Re1 O6,FALSE
3415,Sr2 Cd1 Te1 O6,TRUE
3416,Sr2 Co1 Os1 O6,TRUE
3417,Sr2 Co1 Sb1 O6,TRUE
3418,Sr2 Ta1 Co1 O6,TRUE
3419,Sr2 Co1 W1 O6,TRUE
3420,Sr2 Mn1 Cr1 O6,TRUE
3421,Sr2 Cr1 Mo1 O6,TRUE
3422,Sr2 Cr1 Ru1 O6,TRUE
3423,Sr2 Cu1 Mo1 O6,TRUE
3424,Sr2 Dy1 Bi1 O6,TRUE
3425,Sr2 Dy1 Ir1 O6,TRUE
3426,Sr2 Dy1 Mo1 O6,TRUE
3427,Sr2 Dy1 Ru1 O6,TRUE
3428,Sr2 Dy1 Ta1 O6,TRUE
3429,Sr2 Er1 Nb1 O6,TRUE
3430,Sr2 Er1 Re1 O6,FALSE
3431,Sr2 Eu1 Nb1 O6,FALSE
3432,Sr2 Nb1 Fe1 O6,TRUE
3433,Sr2 Fe1 Re1 O6,TRUE
3434,Sr2 Ga1 Os1 O6,FALSE
3435,Sr2 Ga1 Sb1 O6,TRUE
3436,Sr2 Ta1 Ga1 O6,TRUE
3437,Sr2 Ho1 Re1 O6,FALSE
3438,Sr2 In1 Re1 O6,FALSE
3439,Sr2 La1 Nb1 O6,FALSE
3440,Sr2 Mg1 Re1 O6,TRUE
3441,Sr2 Mn1 Re1 O6,TRUE
3442,Sr2 Mn1 W1 O6,TRUE
3443,Sr2 Ni1 Os1 O6,TRUE
3444,Sr2 Mo1 Pb1 O6,TRUE
3445,Sr2 Sb1 Rh1 O6,FALSE
3446,Sr2 Ta1 Rh1 O6,TRUE
3447,Sr2 Sc1 Nb1 O6,TRUE
3448,Sr2 Sm1 Nb1 O6,FALSE
3449,Sr2 Tb1 Sb1 O6,TRUE
3450,Sr2 Tb1 Ta1 O6,TRUE
3451,Sr2 Tm1 Bi1 O6,TRUE
3452,Sr2 Tm1 Ir1 O6,TRUE
3453,Sr2 Tm1 Ru1 O6,FALSE
3454,Sr2 Tm1 Sb1 O6,TRUE
3455,Sr2 V1 Mo1 O6,TRUE
3456,Sr2 Yb1 Bi1 O6,FALSE
3457,Sr2 Y1 Bi1 O6,TRUE
3458,Sr2 Yb1 Ir1 O6,TRUE
3459,Sr2 Yb1 Mo1 O6,TRUE
3460,Sr2 Yb1 Ru1 O6,FALSE
3461,Sr2 Yb1 Sb1 O6,TRUE
3462,Sr2 Y1 Os1 O6,FALSE
3463,Sr2 Y1 Ru1 O6,FALSE
3464,Sr2 Y1 Sb1 O6,FALSE
3465,Sr2 Y1 Ta1 O6,FALSE
3466,Sr2 Zn1 Mo1 O6,TRUE
3467,Sr2 Zr1 Mn1 O6,TRUE
3468,Sr2 Zr1 Mo1 O6,TRUE
